城市,日期,aqi指数,首要污染物,空气质量
北京,2020-01-04,50,PM2.5,优
北京,2020-01-05,100,PM2.5,良
北京,2020-01-06,148,PM2.5,轻度污染
北京,2020-01-07,88,PM2.5,良
北京,2020-01-08,97,PM2.5,良
北京,2020-01-09,165,PM2.5,中度污染
北京,2020-01-10,310,PM2.5,严重污染
上海,2020-01-04,79,NO2,良
上海,2020-01-05,14,-,优
上海,2020-01-06,57,NO2,良
上海,2020-01-07,60,NO2,良
上海,2020-01-08,47,-,优
上海,2020-01-09,97,PM2.5,良
上海,2020-01-10,64,PM2.5,良
天津,2020-01-04,65,PM2.5,良
天津,2020-01-05,32,-,优
天津,2020-01-06,95,-,良
天津,2020-01-07,44,-,优
天津,2020-01-08,49,-,优
天津,2020-01-09,211,PM2.5,重度污染
天津,2020-01-10,275,PM2.5,重度污染
重庆,2020-01-04,100,PM2.5,良
重庆,2020-01-05,85,PM2.5,良
重庆,2020-01-06,70,PM2.5,良
重庆,2020-01-07,66,PM2.5,良
重庆,2020-01-08,70,PM2.5,良
重庆,2020-01-09,137,PM2.5,轻度污染
重庆,2020-01-10,231,PM2.5,重度污染
哈尔滨,2020-01-04,269,PM2.5,重度污染
哈尔滨,2020-01-05,162,PM2.5,中度污染
哈尔滨,2020-01-06,85,PM2.5,良
哈尔滨,2020-01-07,74,PM2.5,良
哈尔滨,2020-01-08,116,PM2.5,轻度污染
哈尔滨,2020-01-09,149,PM2.5,轻度污染
哈尔滨,2020-01-10,150,PM2.5,轻度污染
齐齐哈尔,2020-01-04,47,-,优
齐齐哈尔,2020-01-05,50,-,优
齐齐哈尔,2020-01-06,78,PM2.5,良
齐齐哈尔,2020-01-07,45,-,优
齐齐哈尔,2020-01-08,48,-,优
齐齐哈尔,2020-01-09,49,-,优
齐齐哈尔,2020-01-10,54,PM2.5,良
牡丹江,2020-01-04,95,PM2.5,良
牡丹江,2020-01-05,44,-,优
牡丹江,2020-01-06,57,-,良
牡丹江,2020-01-07,23,-,优
牡丹江,2020-01-08,30,-,优
牡丹江,2020-01-09,69,PM2.5,良
牡丹江,2020-01-10,59,PM2.5,良
佳木斯,2020-01-04,89,-,良
佳木斯,2020-01-05,62,PM2.5,良
佳木斯,2020-01-06,38,-,优
佳木斯,2020-01-07,51,-,良
佳木斯,2020-01-08,46,-,优
佳木斯,2020-01-09,46,-,优
佳木斯,2020-01-10,80,PM2.5,良
绥化,2020-01-04,297,PM2.5,重度污染
绥化,2020-01-05,157,PM2.5,中度污染
绥化,2020-01-06,42,-,优
绥化,2020-01-07,92,PM2.5,良
绥化,2020-01-08,79,PM2.5,良
绥化,2020-01-09,155,PM2.5,中度污染
绥化,2020-01-10,162,PM2.5,中度污染
黑河,2020-01-04,46,-,优
黑河,2020-01-05,48,-,优
黑河,2020-01-06,44,-,优
黑河,2020-01-07,44,-,优
黑河,2020-01-08,47,-,优
黑河,2020-01-09,46,-,优
黑河,2020-01-10,50,-,优
大兴安岭,2020-01-04,49,-,优
大兴安岭,2020-01-05,47,-,优
大兴安岭,2020-01-06,45,-,优
大兴安岭,2020-01-07,47,-,优
大兴安岭,2020-01-08,48,-,优
大兴安岭,2020-01-09,49,-,优
大兴安岭,2020-01-10,52,-,良
伊春,2020-01-04,45,-,优
伊春,2020-01-05,48,-,优
伊春,2020-01-06,49,-,优
伊春,2020-01-07,49,-,优
伊春,2020-01-08,46,-,优
伊春,2020-01-09,46,-,优
伊春,2020-01-10,60,PM2.5,良
大庆,2020-01-04,88,PM2.5,良
大庆,2020-01-05,60,PM2.5,良
大庆,2020-01-06,93,PM2.5,良
大庆,2020-01-07,57,PM2.5,良
大庆,2020-01-08,73,PM2.5,良
大庆,2020-01-09,80,PM2.5,良
大庆,2020-01-10,68,PM2.5,良
七台河,2020-01-04,148,-,轻度污染
七台河,2020-01-05,57,PM2.5,良
七台河,2020-01-06,37,-,优
七台河,2020-01-07,49,-,优
七台河,2020-01-08,55,-,良
七台河,2020-01-09,46,-,优
七台河,2020-01-10,73,PM2.5,良
鸡西,2020-01-04,45,-,优
鸡西,2020-01-05,50,-,优
鸡西,2020-01-06,52,PM2.5,良
鸡西,2020-01-07,52,PM2.5,良
鸡西,2020-01-08,46,-,优
鸡西,2020-01-09,47,-,优
鸡西,2020-01-10,64,PM2.5,良
鹤岗,2020-01-04,46,-,优
鹤岗,2020-01-05,72,-,良
鹤岗,2020-01-06,23,-,优
鹤岗,2020-01-07,49,-,优
鹤岗,2020-01-08,86,-,良
鹤岗,2020-01-09,45,-,优
鹤岗,2020-01-10,70,PM2.5,良
双鸭山,2020-01-04,78,-,良
双鸭山,2020-01-05,57,PM2.5,良
双鸭山,2020-01-06,35,-,优
双鸭山,2020-01-07,52,-,良
双鸭山,2020-01-08,52,-,良
双鸭山,2020-01-09,45,-,优
双鸭山,2020-01-10,72,PM2.5,良
长春,2020-01-04,95,PM2.5,良
长春,2020-01-05,120,PM2.5,轻度污染
长春,2020-01-06,120,PM2.5,轻度污染
长春,2020-01-07,95,PM2.5,良
长春,2020-01-08,75,PM2.5,良
长春,2020-01-09,278,PM2.5,重度污染
长春,2020-01-10,247,PM2.5,重度污染
吉林,2020-01-04,85,PM2.5,良
吉林,2020-01-05,53,PM2.5,良
吉林,2020-01-06,60,-,良
吉林,2020-01-07,38,-,优
吉林,2020-01-08,27,-,优
吉林,2020-01-09,89,PM2.5,良
吉林,2020-01-10,68,PM2.5,良
延边,2020-01-04,45,-,优
延边,2020-01-05,50,-,优
延边,2020-01-06,48,-,优
延边,2020-01-07,24,-,优
延边,2020-01-08,49,-,优
延边,2020-01-09,48,-,优
延边,2020-01-10,47,-,优
四平,2020-01-04,144,PM2.5,轻度污染
四平,2020-01-05,94,PM2.5,良
四平,2020-01-06,66,PM2.5,良
四平,2020-01-07,105,PM2.5,轻度污染
四平,2020-01-08,108,PM2.5,轻度污染
四平,2020-01-09,103,PM2.5,轻度污染
四平,2020-01-10,138,PM2.5,轻度污染
通化,2020-01-04,87,-,良
通化,2020-01-05,28,-,优
通化,2020-01-06,49,-,优
通化,2020-01-07,24,-,优
通化,2020-01-08,49,-,优
通化,2020-01-09,54,PM2.5,良
通化,2020-01-10,48,-,优
白城,2020-01-04,48,-,优
白城,2020-01-05,49,-,优
白城,2020-01-06,75,PM2.5,良
白城,2020-01-07,46,-,优
白城,2020-01-08,49,-,优
白城,2020-01-09,50,-,优
白城,2020-01-10,53,-,良
辽源,2020-01-04,154,PM2.5,中度污染
辽源,2020-01-05,55,PM2.5,良
辽源,2020-01-06,44,-,优
辽源,2020-01-07,75,PM2.5,良
辽源,2020-01-08,83,PM2.5,良
辽源,2020-01-09,88,PM2.5,良
辽源,2020-01-10,77,PM2.5,良
松原,2020-01-04,46,-,优
松原,2020-01-05,73,PM2.5,良
松原,2020-01-06,90,PM2.5,良
松原,2020-01-07,57,PM2.5,良
松原,2020-01-08,60,PM2.5,良
松原,2020-01-09,64,PM2.5,良
松原,2020-01-10,80,PM2.5,良
白山,2020-01-04,94,-,良
白山,2020-01-05,31,-,优
白山,2020-01-06,50,-,优
白山,2020-01-07,23,-,优
白山,2020-01-08,49,-,优
白山,2020-01-09,53,PM2.5,良
白山,2020-01-10,48,-,优
沈阳,2020-01-04,110,PM2.5,轻度污染
沈阳,2020-01-05,88,PM2.5,良
沈阳,2020-01-06,29,-,优
沈阳,2020-01-07,90,PM2.5,良
沈阳,2020-01-08,90,PM2.5,良
沈阳,2020-01-09,186,PM2.5,中度污染
沈阳,2020-01-10,117,PM2.5,轻度污染
大连,2020-01-04,133,PM2.5,轻度污染
大连,2020-01-05,42,-,优
大连,2020-01-06,18,-,优
大连,2020-01-07,67,PM10,良
大连,2020-01-08,52,PM10,良
大连,2020-01-09,74,PM2.5,良
大连,2020-01-10,109,PM2.5,轻度污染
鞍山,2020-01-04,110,PM2.5,轻度污染
鞍山,2020-01-05,48,-,优
鞍山,2020-01-06,50,-,优
鞍山,2020-01-07,93,PM2.5,良
鞍山,2020-01-08,99,PM2.5,良
鞍山,2020-01-09,128,PM2.5,轻度污染
鞍山,2020-01-10,63,PM2.5,良
抚顺,2020-01-04,237,PM2.5,重度污染
抚顺,2020-01-05,68,PM2.5,良
抚顺,2020-01-06,23,-,优
抚顺,2020-01-07,50,PM2.5,优
抚顺,2020-01-08,47,-,优
抚顺,2020-01-09,129,PM2.5,轻度污染
抚顺,2020-01-10,99,PM2.5,良
本溪,2020-01-04,227,PM2.5,重度污染
本溪,2020-01-05,72,-,良
本溪,2020-01-06,39,-,优
本溪,2020-01-07,43,-,优
本溪,2020-01-08,49,-,优
本溪,2020-01-09,92,PM2.5,良
本溪,2020-01-10,58,PM2.5,良
丹东,2020-01-04,42,-,优
丹东,2020-01-05,43,-,优
丹东,2020-01-06,35,-,优
丹东,2020-01-07,46,-,优
丹东,2020-01-08,49,-,优
丹东,2020-01-09,48,-,优
丹东,2020-01-10,44,-,优
锦州,2020-01-04,73,-,良
锦州,2020-01-05,44,-,优
锦州,2020-01-06,68,PM2.5,良
锦州,2020-01-07,58,-,良
锦州,2020-01-08,63,-,良
锦州,2020-01-09,48,-,优
锦州,2020-01-10,82,PM2.5,良
营口,2020-01-04,134,PM2.5,轻度污染
营口,2020-01-05,86,PM2.5,良
营口,2020-01-06,43,-,优
营口,2020-01-07,63,PM2.5,良
营口,2020-01-08,67,PM2.5,良
营口,2020-01-09,119,PM2.5,轻度污染
营口,2020-01-10,114,PM2.5,轻度污染
阜新,2020-01-04,48,-,优
阜新,2020-01-05,87,PM2.5,良
阜新,2020-01-06,72,PM2.5,良
阜新,2020-01-07,49,-,优
阜新,2020-01-08,48,-,优
阜新,2020-01-09,50,-,优
阜新,2020-01-10,104,PM2.5,轻度污染
辽阳,2020-01-04,171,PM2.5,中度污染
辽阳,2020-01-05,70,PM2.5,良
辽阳,2020-01-06,41,-,优
辽阳,2020-01-07,90,PM2.5,良
辽阳,2020-01-08,95,PM2.5,良
辽阳,2020-01-09,145,PM2.5,轻度污染
辽阳,2020-01-10,83,PM2.5,良
铁岭,2020-01-04,97,PM2.5,良
铁岭,2020-01-05,43,-,优
铁岭,2020-01-06,32,-,优
铁岭,2020-01-07,84,PM2.5,良
铁岭,2020-01-08,88,PM2.5,良
铁岭,2020-01-09,139,PM2.5,轻度污染
铁岭,2020-01-10,127,PM2.5,轻度污染
朝阳,2020-01-04,48,-,优
朝阳,2020-01-05,68,PM2.5,良
朝阳,2020-01-06,62,PM2.5,良
朝阳,2020-01-07,49,-,优
朝阳,2020-01-08,49,-,优
朝阳,2020-01-09,49,-,优
朝阳,2020-01-10,84,PM2.5,良
盘锦,2020-01-04,43,-,优
盘锦,2020-01-05,77,PM2.5,良
盘锦,2020-01-06,90,PM2.5,良
盘锦,2020-01-07,100,-,良
盘锦,2020-01-08,58,PM2.5,良
盘锦,2020-01-09,97,PM2.5,良
盘锦,2020-01-10,115,PM2.5,轻度污染
葫芦岛,2020-01-04,99,-,良
葫芦岛,2020-01-05,43,-,优
葫芦岛,2020-01-06,44,-,优
葫芦岛,2020-01-07,49,-,优
葫芦岛,2020-01-08,48,-,优
葫芦岛,2020-01-09,53,PM2.5,良
葫芦岛,2020-01-10,100,PM2.5,良
呼和浩特,2020-01-04,144,PM2.5,轻度污染
呼和浩特,2020-01-05,57,PM2.5,良
呼和浩特,2020-01-06,100,PM2.5,良
呼和浩特,2020-01-07,26,-,优
呼和浩特,2020-01-08,21,-,优
呼和浩特,2020-01-09,73,PM2.5,良
呼和浩特,2020-01-10,105,PM2.5,轻度污染
包头,2020-01-04,183,PM2.5,中度污染
包头,2020-01-05,72,PM2.5,良
包头,2020-01-06,93,PM2.5,良
包头,2020-01-07,83,PM2.5,良
包头,2020-01-08,41,-,优
包头,2020-01-09,132,PM2.5,轻度污染
包头,2020-01-10,158,PM2.5,中度污染
乌海,2020-01-04,163,-,中度污染
乌海,2020-01-05,54,PM2.5,良
乌海,2020-01-06,27,-,优
乌海,2020-01-07,20,-,优
乌海,2020-01-08,38,-,优
乌海,2020-01-09,73,PM2.5,良
乌海,2020-01-10,59,PM2.5,良
乌兰察布,2020-01-04,52,-,良
乌兰察布,2020-01-05,82,PM2.5,良
乌兰察布,2020-01-06,53,-,良
乌兰察布,2020-01-07,17,-,优
乌兰察布,2020-01-08,19,-,优
乌兰察布,2020-01-09,60,-,良
乌兰察布,2020-01-10,113,PM2.5,轻度污染
通辽,2020-01-04,47,-,优
通辽,2020-01-05,57,PM2.5,良
通辽,2020-01-06,55,PM2.5,良
通辽,2020-01-07,48,-,优
通辽,2020-01-08,48,-,优
通辽,2020-01-09,50,-,优
通辽,2020-01-10,67,PM2.5,良
赤峰,2020-01-04,49,-,优
赤峰,2020-01-05,59,PM2.5,良
赤峰,2020-01-06,54,PM2.5,良
赤峰,2020-01-07,49,-,优
赤峰,2020-01-08,50,-,优
赤峰,2020-01-09,52,-,良
赤峰,2020-01-10,79,PM2.5,良
鄂尔多斯,2020-01-04,47,-,优
鄂尔多斯,2020-01-05,73,PM2.5,良
鄂尔多斯,2020-01-06,69,PM2.5,良
鄂尔多斯,2020-01-07,55,-,良
鄂尔多斯,2020-01-08,55,-,良
鄂尔多斯,2020-01-09,55,-,良
鄂尔多斯,2020-01-10,79,PM2.5,良
巴彦淖尔,2020-01-04,173,-,中度污染
巴彦淖尔,2020-01-05,52,PM2.5,良
巴彦淖尔,2020-01-06,19,-,优
巴彦淖尔,2020-01-07,29,-,优
巴彦淖尔,2020-01-08,44,-,优
巴彦淖尔,2020-01-09,53,-,良
巴彦淖尔,2020-01-10,57,-,良
锡林郭勒,2020-01-04,50,-,优
锡林郭勒,2020-01-05,53,-,良
锡林郭勒,2020-01-06,49,-,优
锡林郭勒,2020-01-07,47,-,优
锡林郭勒,2020-01-08,50,-,优
锡林郭勒,2020-01-09,54,-,良
锡林郭勒,2020-01-10,60,-,良
呼伦贝尔,2020-01-04,47,-,优
呼伦贝尔,2020-01-05,49,-,优
呼伦贝尔,2020-01-06,49,-,优
呼伦贝尔,2020-01-07,45,-,优
呼伦贝尔,2020-01-08,48,-,优
呼伦贝尔,2020-01-09,50,-,优
呼伦贝尔,2020-01-10,50,-,优
兴安盟,2020-01-04,49,-,优
兴安盟,2020-01-05,50,-,优
兴安盟,2020-01-06,49,-,优
兴安盟,2020-01-07,48,-,优
兴安盟,2020-01-08,50,-,优
兴安盟,2020-01-09,52,-,良
兴安盟,2020-01-10,55,-,良
阿拉善盟,2020-01-04,49,-,优
阿拉善盟,2020-01-05,41,-,优
阿拉善盟,2020-01-06,53,-,良
阿拉善盟,2020-01-07,57,-,良
阿拉善盟,2020-01-08,54,-,良
阿拉善盟,2020-01-09,68,PM2.5,良
阿拉善盟,2020-01-10,54,-,良
石家庄,2020-01-04,135,PM2.5,轻度污染
石家庄,2020-01-05,42,-,优
石家庄,2020-01-06,195,PM2.5,中度污染
石家庄,2020-01-07,165,PM2.5,中度污染
石家庄,2020-01-08,252,PM2.5,重度污染
石家庄,2020-01-09,226,PM2.5,重度污染
石家庄,2020-01-10,269,PM2.5,重度污染
保定,2020-01-04,44,-,优
保定,2020-01-05,44,-,优
保定,2020-01-06,131,PM2.5,轻度污染
保定,2020-01-07,105,-,轻度污染
保定,2020-01-08,140,-,轻度污染
保定,2020-01-09,176,PM2.5,中度污染
保定,2020-01-10,261,PM2.5,重度污染
张家口,2020-01-04,45,-,优
张家口,2020-01-05,40,-,优
张家口,2020-01-06,46,-,优
张家口,2020-01-07,20,-,优
张家口,2020-01-08,26,-,优
张家口,2020-01-09,60,PM2.5,良
张家口,2020-01-10,133,PM2.5,轻度污染
承德,2020-01-04,65,-,良
承德,2020-01-05,100,PM2.5,良
承德,2020-01-06,100,PM2.5,良
承德,2020-01-07,30,-,优
承德,2020-01-08,19,-,优
承德,2020-01-09,52,PM2.5,良
承德,2020-01-10,135,PM2.5,轻度污染
唐山,2020-01-04,76,PM2.5,良
唐山,2020-01-05,81,PM2.5,良
唐山,2020-01-06,91,PM2.5,良
唐山,2020-01-07,47,-,优
唐山,2020-01-08,95,PM2.5,良
唐山,2020-01-09,193,PM2.5,中度污染
唐山,2020-01-10,319,PM2.5,严重污染
廊坊,2020-01-04,24,-,优
廊坊,2020-01-05,73,PM2.5,良
廊坊,2020-01-06,137,PM2.5,轻度污染
廊坊,2020-01-07,85,PM2.5,良
廊坊,2020-01-08,95,PM2.5,良
廊坊,2020-01-09,132,PM2.5,轻度污染
廊坊,2020-01-10,252,PM2.5,重度污染
沧州,2020-01-04,190,PM2.5,中度污染
沧州,2020-01-05,94,PM2.5,良
沧州,2020-01-06,54,PM2.5,良
沧州,2020-01-07,41,-,优
沧州,2020-01-08,39,-,优
沧州,2020-01-09,156,PM2.5,中度污染
沧州,2020-01-10,212,PM2.5,重度污染
衡水,2020-01-04,180,PM2.5,中度污染
衡水,2020-01-05,145,PM2.5,轻度污染
衡水,2020-01-06,90,-,良
衡水,2020-01-07,60,-,良
衡水,2020-01-08,60,-,良
衡水,2020-01-09,147,PM2.5,轻度污染
衡水,2020-01-10,222,PM2.5,重度污染
邢台,2020-01-04,280,PM2.5,重度污染
邢台,2020-01-05,70,PM2.5,良
邢台,2020-01-06,109,PM2.5,轻度污染
邢台,2020-01-07,115,PM2.5,轻度污染
邢台,2020-01-08,175,PM2.5,中度污染
邢台,2020-01-09,215,PM2.5,重度污染
邢台,2020-01-10,233,PM2.5,重度污染
邯郸,2020-01-04,279,PM2.5,重度污染
邯郸,2020-01-05,94,PM2.5,良
邯郸,2020-01-06,82,PM2.5,良
邯郸,2020-01-07,94,PM2.5,良
邯郸,2020-01-08,145,PM2.5,轻度污染
邯郸,2020-01-09,227,PM2.5,重度污染
邯郸,2020-01-10,241,PM2.5,重度污染
秦皇岛,2020-01-04,32,-,优
秦皇岛,2020-01-05,32,-,优
秦皇岛,2020-01-06,42,-,优
秦皇岛,2020-01-07,32,-,优
秦皇岛,2020-01-08,26,-,优
秦皇岛,2020-01-09,77,PM2.5,良
秦皇岛,2020-01-10,175,PM2.5,中度污染
雄安新区,2020-01-04,38,-,优
雄安新区,2020-01-05,42,-,优
雄安新区,2020-01-06,134,PM2.5,轻度污染
雄安新区,2020-01-07,103,PM2.5,轻度污染
雄安新区,2020-01-08,105,PM2.5,轻度污染
雄安新区,2020-01-09,168,PM2.5,中度污染
雄安新区,2020-01-10,259,PM2.5,重度污染
太原,2020-01-04,83,PM2.5,良
太原,2020-01-05,49,-,优
太原,2020-01-06,57,PM2.5,良
太原,2020-01-07,37,-,优
太原,2020-01-08,54,PM2.5,良
太原,2020-01-09,210,PM2.5,重度污染
太原,2020-01-10,206,PM2.5,重度污染
大同,2020-01-04,48,-,优
大同,2020-01-05,42,-,优
大同,2020-01-06,58,PM2.5,良
大同,2020-01-07,29,-,优
大同,2020-01-08,26,-,优
大同,2020-01-09,120,PM2.5,轻度污染
大同,2020-01-10,150,PM2.5,轻度污染
阳泉,2020-01-04,175,PM2.5,中度污染
阳泉,2020-01-05,68,PM2.5,良
阳泉,2020-01-06,58,PM2.5,良
阳泉,2020-01-07,43,-,优
阳泉,2020-01-08,62,PM2.5,良
阳泉,2020-01-09,95,PM2.5,良
阳泉,2020-01-10,149,PM2.5,轻度污染
晋中,2020-01-04,146,PM2.5,轻度污染
晋中,2020-01-05,68,PM2.5,良
晋中,2020-01-06,50,PM2.5,优
晋中,2020-01-07,34,-,优
晋中,2020-01-08,49,-,优
晋中,2020-01-09,102,PM2.5,轻度污染
晋中,2020-01-10,122,PM2.5,轻度污染
长治,2020-01-04,185,PM2.5,中度污染
长治,2020-01-05,89,PM2.5,良
长治,2020-01-06,42,-,优
长治,2020-01-07,32,-,优
长治,2020-01-08,54,PM2.5,良
长治,2020-01-09,186,PM2.5,中度污染
长治,2020-01-10,200,PM2.5,中度污染
晋城,2020-01-04,247,PM2.5,重度污染
晋城,2020-01-05,115,PM2.5,轻度污染
晋城,2020-01-06,54,PM2.5,良
晋城,2020-01-07,78,PM2.5,良
晋城,2020-01-08,92,PM2.5,良
晋城,2020-01-09,168,PM2.5,中度污染
晋城,2020-01-10,173,PM2.5,中度污染
临汾,2020-01-04,235,PM2.5,重度污染
临汾,2020-01-05,112,PM2.5,轻度污染
临汾,2020-01-06,57,PM2.5,良
临汾,2020-01-07,77,PM2.5,良
临汾,2020-01-08,90,PM2.5,良
临汾,2020-01-09,122,PM2.5,轻度污染
临汾,2020-01-10,150,PM2.5,轻度污染
运城,2020-01-04,260,PM2.5,重度污染
运城,2020-01-05,132,PM2.5,轻度污染
运城,2020-01-06,61,PM2.5,良
运城,2020-01-07,83,PM2.5,良
运城,2020-01-08,68,PM2.5,良
运城,2020-01-09,139,PM2.5,轻度污染
运城,2020-01-10,169,PM2.5,中度污染
朔州,2020-01-04,60,PM2.5,良
朔州,2020-01-05,87,PM2.5,良
朔州,2020-01-06,100,PM2.5,良
朔州,2020-01-07,54,-,良
朔州,2020-01-08,62,PM2.5,良
朔州,2020-01-09,80,PM2.5,良
朔州,2020-01-10,130,PM2.5,轻度污染
忻州,2020-01-04,142,PM2.5,轻度污染
忻州,2020-01-05,69,PM2.5,良
忻州,2020-01-06,66,PM2.5,良
忻州,2020-01-07,45,-,优
忻州,2020-01-08,55,-,良
忻州,2020-01-09,88,PM2.5,良
忻州,2020-01-10,159,PM2.5,中度污染
吕梁,2020-01-04,55,PM2.5,良
吕梁,2020-01-05,90,PM2.5,良
吕梁,2020-01-06,100,PM2.5,良
吕梁,2020-01-07,55,-,良
吕梁,2020-01-08,57,-,良
吕梁,2020-01-09,78,PM2.5,良
吕梁,2020-01-10,89,PM2.5,良
西安,2020-01-04,95,PM2.5,良
西安,2020-01-05,44,-,优
西安,2020-01-06,57,-,良
西安,2020-01-07,23,-,优
西安,2020-01-08,30,-,优
西安,2020-01-09,69,PM2.5,良
西安,2020-01-10,59,PM2.5,良
咸阳,2020-01-04,107,PM2.5,轻度污染
咸阳,2020-01-05,112,PM2.5,轻度污染
咸阳,2020-01-06,122,PM2.5,轻度污染
咸阳,2020-01-07,120,PM2.5,轻度污染
咸阳,2020-01-08,138,PM2.5,轻度污染
咸阳,2020-01-09,123,PM2.5,轻度污染
咸阳,2020-01-10,155,PM2.5,中度污染
延安,2020-01-04,44,-,优
延安,2020-01-05,85,PM2.5,良
延安,2020-01-06,53,PM2.5,良
延安,2020-01-07,49,-,优
延安,2020-01-08,51,-,良
延安,2020-01-09,72,PM2.5,良
延安,2020-01-10,65,PM2.5,良
榆林,2020-01-04,45,-,优
榆林,2020-01-05,77,PM2.5,良
榆林,2020-01-06,63,PM2.5,良
榆林,2020-01-07,54,-,良
榆林,2020-01-08,53,-,良
榆林,2020-01-09,67,PM2.5,良
榆林,2020-01-10,73,PM2.5,良
渭南,2020-01-04,222,PM2.5,重度污染
渭南,2020-01-05,104,PM2.5,轻度污染
渭南,2020-01-06,65,PM2.5,良
渭南,2020-01-07,99,PM2.5,良
渭南,2020-01-08,100,PM2.5,良
渭南,2020-01-09,90,PM2.5,良
渭南,2020-01-10,120,PM2.5,轻度污染
商洛,2020-01-04,43,-,优
商洛,2020-01-05,73,PM2.5,良
商洛,2020-01-06,99,PM2.5,良
商洛,2020-01-07,73,PM2.5,良
商洛,2020-01-08,57,PM2.5,良
商洛,2020-01-09,74,PM2.5,良
商洛,2020-01-10,87,PM2.5,良
安康,2020-01-04,41,-,优
安康,2020-01-05,70,PM2.5,良
安康,2020-01-06,95,PM2.5,良
安康,2020-01-07,78,PM2.5,良
安康,2020-01-08,65,PM2.5,良
安康,2020-01-09,89,PM2.5,良
安康,2020-01-10,108,PM2.5,轻度污染
汉中,2020-01-04,42,-,优
汉中,2020-01-05,59,PM2.5,良
汉中,2020-01-06,57,PM2.5,良
汉中,2020-01-07,59,PM2.5,良
汉中,2020-01-08,69,PM2.5,良
汉中,2020-01-09,78,PM2.5,良
汉中,2020-01-10,85,PM2.5,良
宝鸡,2020-01-04,43,-,优
宝鸡,2020-01-05,67,PM2.5,良
宝鸡,2020-01-06,42,-,优
宝鸡,2020-01-07,50,-,优
宝鸡,2020-01-08,69,PM2.5,良
宝鸡,2020-01-09,90,PM2.5,良
宝鸡,2020-01-10,88,PM2.5,良
铜川,2020-01-04,36,-,优
铜川,2020-01-05,89,PM2.5,良
铜川,2020-01-06,177,PM2.5,中度污染
铜川,2020-01-07,216,PM2.5,重度污染
铜川,2020-01-08,167,PM2.5,中度污染
铜川,2020-01-09,105,PM2.5,轻度污染
铜川,2020-01-10,123,PM2.5,轻度污染
杨凌,2020-01-04,72,PM2.5,良
杨凌,2020-01-05,97,PM2.5,良
杨凌,2020-01-06,67,PM2.5,良
杨凌,2020-01-07,65,PM2.5,良
杨凌,2020-01-08,105,PM2.5,轻度污染
杨凌,2020-01-09,115,PM2.5,轻度污染
杨凌,2020-01-10,120,PM2.5,轻度污染
济南,2020-01-04,225,PM2.5,重度污染
济南,2020-01-05,122,PM2.5,轻度污染
济南,2020-01-06,13,-,优
济南,2020-01-07,18,-,优
济南,2020-01-08,34,-,优
济南,2020-01-09,209,PM2.5,重度污染
济南,2020-01-10,221,PM2.5,重度污染
青岛,2020-01-04,246,PM2.5,重度污染
青岛,2020-01-05,47,-,优
青岛,2020-01-06,40,-,优
青岛,2020-01-07,40,-,优
青岛,2020-01-08,45,PM10,优
青岛,2020-01-09,133,PM2.5,轻度污染
青岛,2020-01-10,97,PM2.5,良
淄博,2020-01-04,292,PM2.5,重度污染
淄博,2020-01-05,170,PM2.5,中度污染
淄博,2020-01-06,16,-,优
淄博,2020-01-07,24,-,优
淄博,2020-01-08,42,-,优
淄博,2020-01-09,192,PM2.5,中度污染
淄博,2020-01-10,175,PM2.5,中度污染
德州,2020-01-04,269,PM2.5,重度污染
德州,2020-01-05,133,PM2.5,轻度污染
德州,2020-01-06,27,-,优
德州,2020-01-07,46,-,优
德州,2020-01-08,50,PM2.5,优
德州,2020-01-09,166,PM2.5,中度污染
德州,2020-01-10,229,PM2.5,重度污染
烟台,2020-01-04,53,PM2.5,良
烟台,2020-01-05,40,-,优
烟台,2020-01-06,38,-,优
烟台,2020-01-07,50,-,优
烟台,2020-01-08,52,-,良
烟台,2020-01-09,49,-,优
烟台,2020-01-10,78,PM2.5,良
潍坊,2020-01-04,283,PM2.5,重度污染
潍坊,2020-01-05,94,PM2.5,良
潍坊,2020-01-06,16,-,优
潍坊,2020-01-07,39,-,优
潍坊,2020-01-08,30,-,优
潍坊,2020-01-09,216,PM2.5,重度污染
潍坊,2020-01-10,237,PM2.5,重度污染
济宁,2020-01-04,220,PM2.5,重度污染
济宁,2020-01-05,86,PM2.5,良
济宁,2020-01-06,23,-,优
济宁,2020-01-07,31,-,优
济宁,2020-01-08,51,PM2.5,良
济宁,2020-01-09,289,PM2.5,重度污染
济宁,2020-01-10,287,PM2.5,重度污染
泰安,2020-01-04,229,PM2.5,重度污染
泰安,2020-01-05,133,PM2.5,轻度污染
泰安,2020-01-06,18,-,优
泰安,2020-01-07,23,-,优
泰安,2020-01-08,45,-,优
泰安,2020-01-09,127,PM2.5,轻度污染
泰安,2020-01-10,158,PM2.5,中度污染
临沂,2020-01-04,293,PM2.5,重度污染
临沂,2020-01-05,96,PM2.5,良
临沂,2020-01-06,12,-,优
临沂,2020-01-07,22,-,优
临沂,2020-01-08,34,-,优
临沂,2020-01-09,162,PM2.5,中度污染
临沂,2020-01-10,160,PM2.5,中度污染
菏泽,2020-01-04,237,PM2.5,重度污染
菏泽,2020-01-05,74,PM2.5,良
菏泽,2020-01-06,30,-,优
菏泽,2020-01-07,42,-,优
菏泽,2020-01-08,72,PM2.5,良
菏泽,2020-01-09,212,PM2.5,重度污染
菏泽,2020-01-10,232,PM2.5,重度污染
滨州,2020-01-04,251,PM2.5,重度污染
滨州,2020-01-05,145,PM2.5,轻度污染
滨州,2020-01-06,13,-,优
滨州,2020-01-07,44,-,优
滨州,2020-01-08,35,-,优
滨州,2020-01-09,128,PM2.5,轻度污染
滨州,2020-01-10,250,PM2.5,重度污染
东营,2020-01-04,262,PM2.5,重度污染
东营,2020-01-05,98,PM2.5,良
东营,2020-01-06,13,-,优
东营,2020-01-07,44,-,优
东营,2020-01-08,16,-,优
东营,2020-01-09,159,PM2.5,中度污染
东营,2020-01-10,258,PM2.5,重度污染
威海,2020-01-04,42,-,优
威海,2020-01-05,14,-,优
威海,2020-01-06,41,-,优
威海,2020-01-07,48,-,优
威海,2020-01-08,48,-,优
威海,2020-01-09,50,-,优
威海,2020-01-10,74,PM2.5,良
枣庄,2020-01-04,209,PM2.5,重度污染
枣庄,2020-01-05,99,PM2.5,良
枣庄,2020-01-06,26,-,优
枣庄,2020-01-07,31,-,优
枣庄,2020-01-08,47,-,优
枣庄,2020-01-09,142,PM2.5,轻度污染
枣庄,2020-01-10,144,PM2.5,轻度污染
日照,2020-01-04,243,PM2.5,重度污染
日照,2020-01-05,63,PM2.5,良
日照,2020-01-06,14,-,优
日照,2020-01-07,27,-,优
日照,2020-01-08,38,-,优
日照,2020-01-09,97,PM2.5,良
日照,2020-01-10,100,PM2.5,良
莱芜,2020-01-04,280,PM2.5,重度污染
莱芜,2020-01-05,154,PM2.5,中度污染
莱芜,2020-01-06,15,-,优
莱芜,2020-01-07,17,-,优
莱芜,2020-01-08,35,-,优
莱芜,2020-01-09,124,PM2.5,轻度污染
莱芜,2020-01-10,129,PM2.5,轻度污染
聊城,2020-01-04,253,PM2.5,重度污染
聊城,2020-01-05,140,PM2.5,轻度污染
聊城,2020-01-06,21,-,优
聊城,2020-01-07,44,-,优
聊城,2020-01-08,58,PM2.5,良
聊城,2020-01-09,192,PM2.5,中度污染
聊城,2020-01-10,218,PM2.5,重度污染
乌鲁木齐,2020-01-04,209,PM2.5,重度污染
乌鲁木齐,2020-01-05,60,PM2.5,良
乌鲁木齐,2020-01-06,12,-,优
乌鲁木齐,2020-01-07,12,-,优
乌鲁木齐,2020-01-08,15,-,优
乌鲁木齐,2020-01-09,67,PM2.5,良
乌鲁木齐,2020-01-10,59,-,良
克拉玛依,2020-01-04,124,-,轻度污染
克拉玛依,2020-01-05,50,-,优
克拉玛依,2020-01-06,13,-,优
克拉玛依,2020-01-07,19,-,优
克拉玛依,2020-01-08,50,-,优
克拉玛依,2020-01-09,47,-,优
克拉玛依,2020-01-10,49,-,优
石河子,2020-01-04,140,-,轻度污染
石河子,2020-01-05,55,-,良
石河子,2020-01-06,41,-,优
石河子,2020-01-07,33,-,优
石河子,2020-01-08,33,-,优
石河子,2020-01-09,52,-,良
石河子,2020-01-10,57,-,良
昌吉,2020-01-04,164,PM2.5,中度污染
昌吉,2020-01-05,47,-,优
昌吉,2020-01-06,15,-,优
昌吉,2020-01-07,12,-,优
昌吉,2020-01-08,16,-,优
昌吉,2020-01-09,79,PM2.5,良
昌吉,2020-01-10,72,PM2.5,良
吐鲁番,2020-01-04,124,-,轻度污染
吐鲁番,2020-01-05,38,-,优
吐鲁番,2020-01-06,13,-,优
吐鲁番,2020-01-07,10,-,优
吐鲁番,2020-01-08,11,-,优
吐鲁番,2020-01-09,57,-,良
吐鲁番,2020-01-10,55,-,良
巴音郭楞,2020-01-04,54,-,良
巴音郭楞,2020-01-05,30,-,优
巴音郭楞,2020-01-06,50,-,优
巴音郭楞,2020-01-07,50,-,优
巴音郭楞,2020-01-08,14,-,优
巴音郭楞,2020-01-09,49,-,优
巴音郭楞,2020-01-10,43,-,优
阿拉尔,2020-01-04,44,-,优
阿拉尔,2020-01-05,41,-,优
阿拉尔,2020-01-06,39,-,优
阿拉尔,2020-01-07,39,-,优
阿拉尔,2020-01-08,32,-,优
阿拉尔,2020-01-09,36,-,优
阿拉尔,2020-01-10,36,-,优
阿克苏,2020-01-04,109,-,轻度污染
阿克苏,2020-01-05,36,-,优
阿克苏,2020-01-06,22,-,优
阿克苏,2020-01-07,45,-,优
阿克苏,2020-01-08,44,-,优
阿克苏,2020-01-09,53,-,良
阿克苏,2020-01-10,47,-,优
喀什,2020-01-04,57,-,良
喀什,2020-01-05,58,-,良
喀什,2020-01-06,49,-,优
喀什,2020-01-07,45,-,优
喀什,2020-01-08,50,-,优
喀什,2020-01-09,60,-,良
喀什,2020-01-10,50,-,优
伊犁,2020-01-04,55,-,良
伊犁,2020-01-05,33,-,优
伊犁,2020-01-06,14,-,优
伊犁,2020-01-07,42,-,优
伊犁,2020-01-08,50,-,优
伊犁,2020-01-09,50,-,优
伊犁,2020-01-10,61,-,良
塔城,2020-01-04,43,-,优
塔城,2020-01-05,28,-,优
塔城,2020-01-06,11,-,优
塔城,2020-01-07,16,-,优
塔城,2020-01-08,18,-,优
塔城,2020-01-09,43,-,优
塔城,2020-01-10,48,-,优
哈密,2020-01-04,55,-,良
哈密,2020-01-05,24,-,优
哈密,2020-01-06,50,-,优
哈密,2020-01-07,11,-,优
哈密,2020-01-08,16,-,优
哈密,2020-01-09,54,-,良
哈密,2020-01-10,53,-,良
和田,2020-01-04,109,-,轻度污染
和田,2020-01-05,40,-,优
和田,2020-01-06,18,-,优
和田,2020-01-07,37,-,优
和田,2020-01-08,43,-,优
和田,2020-01-09,65,-,良
和田,2020-01-10,69,-,良
阿勒泰,2020-01-04,18,-,优
阿勒泰,2020-01-05,13,-,优
阿勒泰,2020-01-06,15,-,优
阿勒泰,2020-01-07,10,-,优
阿勒泰,2020-01-08,12,-,优
阿勒泰,2020-01-09,60,-,良
阿勒泰,2020-01-10,61,-,良
克州,2020-01-04,136,-,轻度污染
克州,2020-01-05,58,-,良
克州,2020-01-06,19,-,优
克州,2020-01-07,45,-,优
克州,2020-01-08,54,-,良
克州,2020-01-09,61,-,良
克州,2020-01-10,54,-,良
博尔塔拉,2020-01-04,54,-,良
博尔塔拉,2020-01-05,36,-,优
博尔塔拉,2020-01-06,24,-,优
博尔塔拉,2020-01-07,18,-,优
博尔塔拉,2020-01-08,48,-,优
博尔塔拉,2020-01-09,45,-,优
博尔塔拉,2020-01-10,53,-,良
图木舒克,2020-01-04,44,-,优
图木舒克,2020-01-05,41,-,优
图木舒克,2020-01-06,39,-,优
图木舒克,2020-01-07,34,-,优
图木舒克,2020-01-08,34,-,优
图木舒克,2020-01-09,32,-,优
图木舒克,2020-01-10,32,-,优
五家渠,2020-01-04,209,PM2.5,重度污染
五家渠,2020-01-05,89,PM2.5,良
五家渠,2020-01-06,10,-,优
五家渠,2020-01-07,10,-,优
五家渠,2020-01-08,11,-,优
五家渠,2020-01-09,100,PM2.5,良
五家渠,2020-01-10,95,PM2.5,良
铁门关,2020-01-04,51,-,良
铁门关,2020-01-05,28,-,优
铁门关,2020-01-06,49,-,优
铁门关,2020-01-07,14,-,优
铁门关,2020-01-08,14,-,优
铁门关,2020-01-09,48,-,优
铁门关,2020-01-10,50,-,优
昆玉,2020-01-04,116,-,轻度污染
昆玉,2020-01-05,48,-,优
昆玉,2020-01-06,46,-,优
昆玉,2020-01-07,33,-,优
昆玉,2020-01-08,41,-,优
昆玉,2020-01-09,62,-,良
昆玉,2020-01-10,60,-,良
北屯,2020-01-04,50,-,优
北屯,2020-01-05,13,-,优
北屯,2020-01-06,12,-,优
北屯,2020-01-07,11,-,优
北屯,2020-01-08,8,-,优
北屯,2020-01-09,57,-,良
北屯,2020-01-10,59,-,良
双河,2020-01-04,18,-,优
双河,2020-01-05,13,-,优
双河,2020-01-06,13,-,优
双河,2020-01-07,12,-,优
双河,2020-01-08,49,-,优
双河,2020-01-09,46,-,优
双河,2020-01-10,53,-,良
可克达拉,2020-01-04,93,-,良
可克达拉,2020-01-05,58,-,良
可克达拉,2020-01-06,28,-,优
可克达拉,2020-01-07,48,-,优
可克达拉,2020-01-08,57,-,良
可克达拉,2020-01-09,50,-,优
可克达拉,2020-01-10,61,-,良
拉萨,2020-01-04,38,-,优
拉萨,2020-01-05,18,-,优
拉萨,2020-01-06,14,-,优
拉萨,2020-01-07,12,-,优
拉萨,2020-01-08,7,-,优
拉萨,2020-01-09,70,-,良
拉萨,2020-01-10,82,-,良
日喀则,2020-01-04,32,-,优
日喀则,2020-01-05,17,-,优
日喀则,2020-01-06,14,-,优
日喀则,2020-01-07,13,-,优
日喀则,2020-01-08,11,-,优
日喀则,2020-01-09,70,-,良
日喀则,2020-01-10,81,-,良
山南,2020-01-04,36,-,优
山南,2020-01-05,19,-,优
山南,2020-01-06,9,-,优
山南,2020-01-07,11,-,优
山南,2020-01-08,15,-,优
山南,2020-01-09,70,-,良
山南,2020-01-10,80,-,良
林芝,2020-01-04,19,-,优
林芝,2020-01-05,15,-,优
林芝,2020-01-06,14,-,优
林芝,2020-01-07,9,-,优
林芝,2020-01-08,9,-,优
林芝,2020-01-09,61,-,良
林芝,2020-01-10,82,-,良
昌都,2020-01-04,29,-,优
昌都,2020-01-05,17,-,优
昌都,2020-01-06,9,-,优
昌都,2020-01-07,11,-,优
昌都,2020-01-08,13,-,优
昌都,2020-01-09,65,-,良
昌都,2020-01-10,85,-,良
那曲,2020-01-04,19,-,优
那曲,2020-01-05,14,-,优
那曲,2020-01-06,12,-,优
那曲,2020-01-07,13,-,优
那曲,2020-01-08,15,-,优
那曲,2020-01-09,70,-,良
那曲,2020-01-10,84,-,良
阿里,2020-01-04,19,-,优
阿里,2020-01-05,13,-,优
阿里,2020-01-06,11,-,优
阿里,2020-01-07,50,-,优
阿里,2020-01-08,49,-,优
阿里,2020-01-09,80,-,良
阿里,2020-01-10,82,-,良
西宁,2020-01-04,105,PM2.5,轻度污染
西宁,2020-01-05,34,-,优
西宁,2020-01-06,26,-,优
西宁,2020-01-07,36,-,优
西宁,2020-01-08,46,-,优
西宁,2020-01-09,56,-,良
西宁,2020-01-10,65,-,良
海东,2020-01-04,60,-,良
海东,2020-01-05,30,-,优
海东,2020-01-06,29,-,优
海东,2020-01-07,39,-,优
海东,2020-01-08,62,-,良
海东,2020-01-09,55,-,良
海东,2020-01-10,64,-,良
黄南,2020-01-04,36,-,优
黄南,2020-01-05,31,-,优
黄南,2020-01-06,21,-,优
黄南,2020-01-07,36,-,优
黄南,2020-01-08,46,-,优
黄南,2020-01-09,59,-,良
黄南,2020-01-10,68,-,良
海南,2020-01-04,163,-,中度污染
海南,2020-01-05,74,-,良
海南,2020-01-06,27,-,优
海南,2020-01-07,18,-,优
海南,2020-01-08,38,-,优
海南,2020-01-09,59,PM2.5,良
海南,2020-01-10,62,PM2.5,良
果洛,2020-01-04,30,-,优
果洛,2020-01-05,15,-,优
果洛,2020-01-06,14,-,优
果洛,2020-01-07,12,-,优
果洛,2020-01-08,13,-,优
果洛,2020-01-09,65,-,良
果洛,2020-01-10,74,-,良
玉树,2020-01-04,47,-,优
玉树,2020-01-05,21,-,优
玉树,2020-01-06,12,-,优
玉树,2020-01-07,13,-,优
玉树,2020-01-08,11,-,优
玉树,2020-01-09,68,-,良
玉树,2020-01-10,83,-,良
海西,2020-01-04,27,-,优
海西,2020-01-05,14,-,优
海西,2020-01-06,9,-,优
海西,2020-01-07,12,-,优
海西,2020-01-08,12,-,优
海西,2020-01-09,56,-,良
海西,2020-01-10,66,-,良
海北,2020-01-04,89,-,良
海北,2020-01-05,39,-,优
海北,2020-01-06,31,-,优
海北,2020-01-07,21,-,优
海北,2020-01-08,65,-,良
海北,2020-01-09,60,-,良
海北,2020-01-10,65,-,良
兰州,2020-01-04,95,-,良
兰州,2020-01-05,34,-,优
兰州,2020-01-06,23,-,优
兰州,2020-01-07,50,-,优
兰州,2020-01-08,75,-,良
兰州,2020-01-09,59,PM2.5,良
兰州,2020-01-10,58,-,良
定西,2020-01-04,47,-,优
定西,2020-01-05,57,-,良
定西,2020-01-06,36,-,优
定西,2020-01-07,57,-,良
定西,2020-01-08,54,-,良
定西,2020-01-09,63,PM2.5,良
定西,2020-01-10,55,-,良
平凉,2020-01-04,44,-,优
平凉,2020-01-05,53,PM2.5,良
平凉,2020-01-06,49,-,优
平凉,2020-01-07,54,-,良
平凉,2020-01-08,63,PM2.5,良
平凉,2020-01-09,87,PM2.5,良
平凉,2020-01-10,52,-,良
庆阳,2020-01-04,45,-,优
庆阳,2020-01-05,60,PM2.5,良
庆阳,2020-01-06,43,-,优
庆阳,2020-01-07,50,-,优
庆阳,2020-01-08,72,PM2.5,良
庆阳,2020-01-09,84,PM2.5,良
庆阳,2020-01-10,57,PM2.5,良
武威,2020-01-04,57,-,良
武威,2020-01-05,47,-,优
武威,2020-01-06,48,-,优
武威,2020-01-07,47,-,优
武威,2020-01-08,56,-,良
武威,2020-01-09,53,-,良
武威,2020-01-10,54,-,良
金昌,2020-01-04,56,-,良
金昌,2020-01-05,49,-,优
金昌,2020-01-06,48,-,优
金昌,2020-01-07,35,-,优
金昌,2020-01-08,50,-,优
金昌,2020-01-09,55,-,良
金昌,2020-01-10,55,-,良
张掖,2020-01-04,61,-,良
张掖,2020-01-05,47,-,优
张掖,2020-01-06,49,-,优
张掖,2020-01-07,35,-,优
张掖,2020-01-08,37,-,优
张掖,2020-01-09,55,-,良
张掖,2020-01-10,56,-,良
酒泉,2020-01-04,61,-,良
酒泉,2020-01-05,50,-,优
酒泉,2020-01-06,13,-,优
酒泉,2020-01-07,24,-,优
酒泉,2020-01-08,31,-,优
酒泉,2020-01-09,52,-,良
酒泉,2020-01-10,55,-,良
天水,2020-01-04,81,-,良
天水,2020-01-05,90,-,良
天水,2020-01-06,62,-,良
天水,2020-01-07,55,-,良
天水,2020-01-08,50,-,优
天水,2020-01-09,63,PM2.5,良
天水,2020-01-10,53,-,良
陇南,2020-01-04,44,-,优
陇南,2020-01-05,45,-,优
陇南,2020-01-06,55,-,良
陇南,2020-01-07,58,-,良
陇南,2020-01-08,59,PM2.5,良
陇南,2020-01-09,70,PM2.5,良
陇南,2020-01-10,50,-,优
临夏,2020-01-04,187,-,中度污染
临夏,2020-01-05,77,-,良
临夏,2020-01-06,41,-,优
临夏,2020-01-07,67,-,良
临夏,2020-01-08,56,-,良
临夏,2020-01-09,55,PM2.5,良
临夏,2020-01-10,63,-,良
甘南,2020-01-04,48,-,优
甘南,2020-01-05,50,-,优
甘南,2020-01-06,50,-,优
甘南,2020-01-07,46,-,优
甘南,2020-01-08,49,-,优
甘南,2020-01-09,50,-,优
甘南,2020-01-10,53,-,良
白银,2020-01-04,47,-,优
白银,2020-01-05,49,-,优
白银,2020-01-06,49,-,优
白银,2020-01-07,50,-,优
白银,2020-01-08,52,-,良
白银,2020-01-09,52,PM2.5,良
白银,2020-01-10,54,-,良
嘉峪关,2020-01-04,64,-,良
嘉峪关,2020-01-05,27,-,优
嘉峪关,2020-01-06,12,-,优
嘉峪关,2020-01-07,15,-,优
嘉峪关,2020-01-08,20,-,优
嘉峪关,2020-01-09,53,-,良
嘉峪关,2020-01-10,57,-,良
银川,2020-01-04,140,PM2.5,轻度污染
银川,2020-01-05,95,PM2.5,良
银川,2020-01-06,43,-,优
银川,2020-01-07,15,-,优
银川,2020-01-08,48,-,优
银川,2020-01-09,93,PM2.5,良
银川,2020-01-10,55,PM2.5,良
石嘴山,2020-01-04,109,-,轻度污染
石嘴山,2020-01-05,71,-,良
石嘴山,2020-01-06,44,-,优
石嘴山,2020-01-07,18,-,优
石嘴山,2020-01-08,35,-,优
石嘴山,2020-01-09,72,PM2.5,良
石嘴山,2020-01-10,53,-,良
吴忠,2020-01-04,46,-,优
吴忠,2020-01-05,39,-,优
吴忠,2020-01-06,47,-,优
吴忠,2020-01-07,50,-,优
吴忠,2020-01-08,54,PM2.5,良
吴忠,2020-01-09,82,PM2.5,良
吴忠,2020-01-10,53,PM2.5,良
固原,2020-01-04,50,-,优
固原,2020-01-05,50,-,优
固原,2020-01-06,60,-,良
固原,2020-01-07,50,-,优
固原,2020-01-08,126,-,轻度污染
固原,2020-01-09,72,PM2.5,良
固原,2020-01-10,53,-,良
中卫,2020-01-04,100,-,良
中卫,2020-01-05,53,-,良
中卫,2020-01-06,48,-,优
中卫,2020-01-07,39,-,优
中卫,2020-01-08,66,-,良
中卫,2020-01-09,47,-,优
中卫,2020-01-10,50,-,优
郑州,2020-01-04,240,PM2.5,重度污染
郑州,2020-01-05,75,-,良
郑州,2020-01-06,66,PM2.5,良
郑州,2020-01-07,70,NO2,良
郑州,2020-01-08,105,PM2.5,轻度污染
郑州,2020-01-09,208,PM2.5,重度污染
郑州,2020-01-10,216,PM2.5,重度污染
安阳,2020-01-04,268,PM2.5,重度污染
安阳,2020-01-05,109,PM2.5,轻度污染
安阳,2020-01-06,77,PM2.5,良
安阳,2020-01-07,83,PM2.5,良
安阳,2020-01-08,166,PM2.5,中度污染
安阳,2020-01-09,169,PM2.5,中度污染
安阳,2020-01-10,203,PM2.5,重度污染
新乡,2020-01-04,256,PM2.5,重度污染
新乡,2020-01-05,91,PM2.5,良
新乡,2020-01-06,69,PM2.5,良
新乡,2020-01-07,99,PM2.5,良
新乡,2020-01-08,133,PM2.5,轻度污染
新乡,2020-01-09,203,PM2.5,重度污染
新乡,2020-01-10,209,PM2.5,重度污染
许昌,2020-01-04,184,PM2.5,中度污染
许昌,2020-01-05,68,PM2.5,良
许昌,2020-01-06,80,PM2.5,良
许昌,2020-01-07,66,PM2.5,良
许昌,2020-01-08,133,PM2.5,轻度污染
许昌,2020-01-09,169,PM2.5,中度污染
许昌,2020-01-10,215,PM2.5,重度污染
平顶山,2020-01-04,192,PM2.5,中度污染
平顶山,2020-01-05,79,PM2.5,良
平顶山,2020-01-06,83,PM2.5,良
平顶山,2020-01-07,82,PM2.5,良
平顶山,2020-01-08,171,PM2.5,中度污染
平顶山,2020-01-09,182,PM2.5,中度污染
平顶山,2020-01-10,218,PM2.5,重度污染
信阳,2020-01-04,50,PM2.5,优
信阳,2020-01-05,81,PM2.5,良
信阳,2020-01-06,76,PM2.5,良
信阳,2020-01-07,72,PM2.5,良
信阳,2020-01-08,100,PM2.5,良
信阳,2020-01-09,112,PM2.5,轻度污染
信阳,2020-01-10,142,PM2.5,轻度污染
南阳,2020-01-04,238,PM2.5,重度污染
南阳,2020-01-05,100,PM2.5,良
南阳,2020-01-06,79,PM2.5,良
南阳,2020-01-07,79,PM2.5,良
南阳,2020-01-08,113,PM2.5,轻度污染
南阳,2020-01-09,119,PM2.5,轻度污染
南阳,2020-01-10,172,PM2.5,中度污染
开封,2020-01-04,198,PM2.5,中度污染
开封,2020-01-05,62,PM2.5,良
开封,2020-01-06,66,PM2.5,良
开封,2020-01-07,55,PM2.5,良
开封,2020-01-08,91,PM2.5,良
开封,2020-01-09,166,PM2.5,中度污染
开封,2020-01-10,202,PM2.5,重度污染
洛阳,2020-01-04,191,PM2.5,中度污染
洛阳,2020-01-05,99,PM2.5,良
洛阳,2020-01-06,68,PM2.5,良
洛阳,2020-01-07,63,PM2.5,良
洛阳,2020-01-08,77,PM2.5,良
洛阳,2020-01-09,216,PM2.5,重度污染
洛阳,2020-01-10,240,PM2.5,重度污染
商丘,2020-01-04,196,PM2.5,中度污染
商丘,2020-01-05,47,-,优
商丘,2020-01-06,41,-,优
商丘,2020-01-07,41,-,优
商丘,2020-01-08,81,PM2.5,良
商丘,2020-01-09,182,PM2.5,中度污染
商丘,2020-01-10,170,PM2.5,中度污染
焦作,2020-01-04,239,PM2.5,重度污染
焦作,2020-01-05,100,PM2.5,良
焦作,2020-01-06,63,PM2.5,良
焦作,2020-01-07,100,PM2.5,良
焦作,2020-01-08,148,PM2.5,轻度污染
焦作,2020-01-09,208,PM2.5,重度污染
焦作,2020-01-10,192,PM2.5,中度污染
鹤壁,2020-01-04,268,PM2.5,重度污染
鹤壁,2020-01-05,99,PM2.5,良
鹤壁,2020-01-06,71,PM2.5,良
鹤壁,2020-01-07,98,PM2.5,良
鹤壁,2020-01-08,104,PM2.5,轻度污染
鹤壁,2020-01-09,156,PM2.5,中度污染
鹤壁,2020-01-10,198,PM2.5,中度污染
濮阳,2020-01-04,291,PM2.5,重度污染
濮阳,2020-01-05,90,PM2.5,良
濮阳,2020-01-06,50,PM2.5,优
濮阳,2020-01-07,54,PM2.5,良
濮阳,2020-01-08,83,PM2.5,良
濮阳,2020-01-09,202,PM2.5,重度污染
濮阳,2020-01-10,251,PM2.5,重度污染
周口,2020-01-04,135,PM2.5,轻度污染
周口,2020-01-05,49,-,优
周口,2020-01-06,70,PM2.5,良
周口,2020-01-07,54,PM2.5,良
周口,2020-01-08,112,PM2.5,轻度污染
周口,2020-01-09,148,PM2.5,轻度污染
周口,2020-01-10,196,PM2.5,中度污染
漯河,2020-01-04,137,PM2.5,轻度污染
漯河,2020-01-05,68,PM2.5,良
漯河,2020-01-06,91,PM2.5,良
漯河,2020-01-07,75,PM2.5,良
漯河,2020-01-08,119,PM2.5,轻度污染
漯河,2020-01-09,142,PM2.5,轻度污染
漯河,2020-01-10,189,PM2.5,中度污染
驻马店,2020-01-04,95,PM2.5,良
驻马店,2020-01-05,67,PM2.5,良
驻马店,2020-01-06,85,PM2.5,良
驻马店,2020-01-07,76,PM2.5,良
驻马店,2020-01-08,122,PM2.5,轻度污染
驻马店,2020-01-09,147,PM2.5,轻度污染
驻马店,2020-01-10,190,PM2.5,中度污染
三门峡,2020-01-04,224,PM2.5,重度污染
三门峡,2020-01-05,137,PM2.5,轻度污染
三门峡,2020-01-06,54,PM2.5,良
三门峡,2020-01-07,94,PM2.5,良
三门峡,2020-01-08,100,PM2.5,良
三门峡,2020-01-09,129,PM2.5,轻度污染
三门峡,2020-01-10,160,PM2.5,中度污染
济源,2020-01-04,212,PM2.5,重度污染
济源,2020-01-05,104,PM2.5,轻度污染
济源,2020-01-06,70,PM2.5,良
济源,2020-01-07,78,PM2.5,良
济源,2020-01-08,144,PM2.5,轻度污染
济源,2020-01-09,223,PM2.5,重度污染
济源,2020-01-10,225,PM2.5,重度污染
南京,2020-01-04,150,PM2.5,轻度污染
南京,2020-01-05,100,PM2.5,良
南京,2020-01-06,102,NO2,轻度污染
南京,2020-01-07,65,PM10,良
南京,2020-01-08,65,PM10,良
南京,2020-01-09,107,PM2.5,轻度污染
南京,2020-01-10,99,PM2.5,良
无锡,2020-01-04,115,PM2.5,轻度污染
无锡,2020-01-05,47,-,优
无锡,2020-01-06,60,PM2.5,良
无锡,2020-01-07,54,PM2.5,良
无锡,2020-01-08,87,PM2.5,良
无锡,2020-01-09,113,PM2.5,轻度污染
无锡,2020-01-10,98,PM2.5,良
镇江,2020-01-04,190,PM2.5,中度污染
镇江,2020-01-05,79,PM2.5,良
镇江,2020-01-06,115,PM2.5,轻度污染
镇江,2020-01-07,75,PM2.5,良
镇江,2020-01-08,100,PM2.5,良
镇江,2020-01-09,128,PM2.5,轻度污染
镇江,2020-01-10,133,PM2.5,轻度污染
苏州,2020-01-04,97,PM2.5,良
苏州,2020-01-05,40,-,优
苏州,2020-01-06,83,-,良
苏州,2020-01-07,53,PM2.5,良
苏州,2020-01-08,83,PM2.5,良
苏州,2020-01-09,108,PM2.5,轻度污染
苏州,2020-01-10,73,PM2.5,良
南通,2020-01-04,118,PM2.5,轻度污染
南通,2020-01-05,41,-,优
南通,2020-01-06,73,PM2.5,良
南通,2020-01-07,75,PM2.5,良
南通,2020-01-08,43,-,优
南通,2020-01-09,103,PM2.5,轻度污染
南通,2020-01-10,80,PM2.5,良
扬州,2020-01-04,98,PM2.5,良
扬州,2020-01-05,95,PM2.5,良
扬州,2020-01-06,112,PM2.5,轻度污染
扬州,2020-01-07,78,PM2.5,良
扬州,2020-01-08,87,PM2.5,良
扬州,2020-01-09,109,PM2.5,轻度污染
扬州,2020-01-10,123,PM2.5,轻度污染
盐城,2020-01-04,197,-,中度污染
盐城,2020-01-05,72,-,良
盐城,2020-01-06,68,PM2.5,良
盐城,2020-01-07,18,-,优
盐城,2020-01-08,38,-,优
盐城,2020-01-09,72,PM2.5,良
盐城,2020-01-10,43,-,优
徐州,2020-01-04,241,PM2.5,重度污染
徐州,2020-01-05,49,-,优
徐州,2020-01-06,36,-,优
徐州,2020-01-07,39,-,优
徐州,2020-01-08,63,PM2.5,良
徐州,2020-01-09,155,PM2.5,中度污染
徐州,2020-01-10,114,PM2.5,轻度污染
淮安,2020-01-04,198,-,中度污染
淮安,2020-01-05,68,-,良
淮安,2020-01-06,85,PM2.5,良
淮安,2020-01-07,34,-,优
淮安,2020-01-08,78,PM2.5,良
淮安,2020-01-09,90,PM2.5,良
淮安,2020-01-10,73,PM2.5,良
连云港,2020-01-04,265,PM2.5,重度污染
连云港,2020-01-05,55,PM2.5,良
连云港,2020-01-06,29,-,优
连云港,2020-01-07,42,-,优
连云港,2020-01-08,36,-,优
连云港,2020-01-09,88,PM2.5,良
连云港,2020-01-10,70,PM2.5,良
常州,2020-01-04,145,PM2.5,轻度污染
常州,2020-01-05,62,PM2.5,良
常州,2020-01-06,54,PM2.5,良
常州,2020-01-07,53,PM2.5,良
常州,2020-01-08,97,PM2.5,良
常州,2020-01-09,128,PM2.5,轻度污染
常州,2020-01-10,99,PM2.5,良
泰州,2020-01-04,68,PM2.5,良
泰州,2020-01-05,68,PM2.5,良
泰州,2020-01-06,108,PM2.5,轻度污染
泰州,2020-01-07,74,PM2.5,良
泰州,2020-01-08,82,PM2.5,良
泰州,2020-01-09,97,PM2.5,良
泰州,2020-01-10,93,PM2.5,良
宿迁,2020-01-04,238,PM2.5,重度污染
宿迁,2020-01-05,74,PM2.5,良
宿迁,2020-01-06,40,-,优
宿迁,2020-01-07,31,-,优
宿迁,2020-01-08,99,PM2.5,良
宿迁,2020-01-09,122,PM2.5,轻度污染
宿迁,2020-01-10,105,PM2.5,轻度污染
武汉,2020-01-04,86,PM2.5,良
武汉,2020-01-05,100,PM2.5,良
武汉,2020-01-06,75,PM2.5,良
武汉,2020-01-07,55,PM2.5,良
武汉,2020-01-08,75,PM2.5,良
武汉,2020-01-09,180,PM2.5,中度污染
武汉,2020-01-10,189,PM2.5,中度污染
襄阳,2020-01-04,97,PM2.5,良
襄阳,2020-01-05,77,PM2.5,良
襄阳,2020-01-06,82,PM2.5,良
襄阳,2020-01-07,82,PM2.5,良
襄阳,2020-01-08,75,PM2.5,良
襄阳,2020-01-09,97,PM2.5,良
襄阳,2020-01-10,152,PM2.5,中度污染
鄂州,2020-01-04,94,PM2.5,良
鄂州,2020-01-05,189,PM2.5,中度污染
鄂州,2020-01-06,108,PM2.5,轻度污染
鄂州,2020-01-07,85,PM2.5,良
鄂州,2020-01-08,102,PM2.5,轻度污染
鄂州,2020-01-09,145,PM2.5,轻度污染
鄂州,2020-01-10,139,PM2.5,轻度污染
孝感,2020-01-04,107,PM2.5,轻度污染
孝感,2020-01-05,129,PM2.5,轻度污染
孝感,2020-01-06,81,PM2.5,良
孝感,2020-01-07,63,PM2.5,良
孝感,2020-01-08,59,PM2.5,良
孝感,2020-01-09,140,PM2.5,轻度污染
孝感,2020-01-10,160,PM2.5,中度污染
黄冈,2020-01-04,94,PM2.5,良
黄冈,2020-01-05,191,PM2.5,中度污染
黄冈,2020-01-06,108,PM2.5,轻度污染
黄冈,2020-01-07,86,PM2.5,良
黄冈,2020-01-08,102,PM2.5,轻度污染
黄冈,2020-01-09,145,PM2.5,轻度污染
黄冈,2020-01-10,139,PM2.5,轻度污染
黄石,2020-01-04,77,PM2.5,良
黄石,2020-01-05,190,PM2.5,中度污染
黄石,2020-01-06,117,PM2.5,轻度污染
黄石,2020-01-07,82,PM2.5,良
黄石,2020-01-08,129,PM2.5,轻度污染
黄石,2020-01-09,153,PM2.5,中度污染
黄石,2020-01-10,165,PM2.5,中度污染
咸宁,2020-01-04,77,PM2.5,良
咸宁,2020-01-05,67,PM2.5,良
咸宁,2020-01-06,78,-,良
咸宁,2020-01-07,83,PM2.5,良
咸宁,2020-01-08,92,PM2.5,良
咸宁,2020-01-09,100,PM2.5,良
咸宁,2020-01-10,97,PM2.5,良
荆州,2020-01-04,126,PM2.5,轻度污染
荆州,2020-01-05,220,PM2.5,重度污染
荆州,2020-01-06,97,PM2.5,良
荆州,2020-01-07,91,PM2.5,良
荆州,2020-01-08,107,PM2.5,轻度污染
荆州,2020-01-09,142,PM2.5,轻度污染
荆州,2020-01-10,176,PM2.5,中度污染
宜昌,2020-01-04,112,PM2.5,轻度污染
宜昌,2020-01-05,119,PM2.5,轻度污染
宜昌,2020-01-06,90,PM2.5,良
宜昌,2020-01-07,94,PM2.5,良
宜昌,2020-01-08,89,PM2.5,良
宜昌,2020-01-09,189,PM2.5,中度污染
宜昌,2020-01-10,211,PM2.5,重度污染
恩施,2020-01-04,38,-,优
恩施,2020-01-05,49,-,优
恩施,2020-01-06,46,-,优
恩施,2020-01-07,88,PM2.5,良
恩施,2020-01-08,82,PM2.5,良
恩施,2020-01-09,62,PM2.5,良
恩施,2020-01-10,95,PM2.5,良
十堰,2020-01-04,190,PM2.5,中度污染
十堰,2020-01-05,119,PM2.5,轻度污染
十堰,2020-01-06,84,PM2.5,良
十堰,2020-01-07,118,PM2.5,轻度污染
十堰,2020-01-08,77,PM2.5,良
十堰,2020-01-09,119,PM2.5,轻度污染
十堰,2020-01-10,160,PM2.5,中度污染
神农架,2020-01-04,150,-,轻度污染
神农架,2020-01-05,70,-,良
神农架,2020-01-06,41,-,优
神农架,2020-01-07,84,PM2.5,良
神农架,2020-01-08,49,-,优
神农架,2020-01-09,55,-,良
神农架,2020-01-10,77,PM2.5,良
随州,2020-01-04,55,PM2.5,良
随州,2020-01-05,88,PM2.5,良
随州,2020-01-06,78,PM2.5,良
随州,2020-01-07,77,PM2.5,良
随州,2020-01-08,93,PM2.5,良
随州,2020-01-09,104,PM2.5,轻度污染
随州,2020-01-10,132,PM2.5,轻度污染
荆门,2020-01-04,133,PM2.5,轻度污染
荆门,2020-01-05,163,PM2.5,中度污染
荆门,2020-01-06,84,PM2.5,良
荆门,2020-01-07,77,PM2.5,良
荆门,2020-01-08,93,PM2.5,良
荆门,2020-01-09,119,PM2.5,轻度污染
荆门,2020-01-10,150,PM2.5,轻度污染
天门,2020-01-04,100,PM2.5,良
天门,2020-01-05,241,PM2.5,重度污染
天门,2020-01-06,110,PM2.5,轻度污染
天门,2020-01-07,118,PM2.5,轻度污染
天门,2020-01-08,108,PM2.5,轻度污染
天门,2020-01-09,144,PM2.5,轻度污染
天门,2020-01-10,175,PM2.5,中度污染
仙桃,2020-01-04,95,PM2.5,良
仙桃,2020-01-05,109,PM2.5,轻度污染
仙桃,2020-01-06,123,PM2.5,轻度污染
仙桃,2020-01-07,85,PM2.5,良
仙桃,2020-01-08,70,PM2.5,良
仙桃,2020-01-09,132,PM2.5,轻度污染
仙桃,2020-01-10,142,PM2.5,轻度污染
潜江,2020-01-04,76,PM2.5,良
潜江,2020-01-05,274,PM2.5,重度污染
潜江,2020-01-06,115,PM2.5,轻度污染
潜江,2020-01-07,133,PM2.5,轻度污染
潜江,2020-01-08,125,PM2.5,轻度污染
潜江,2020-01-09,160,PM2.5,中度污染
潜江,2020-01-10,193,PM2.5,中度污染
杭州,2020-01-04,90,-,良
杭州,2020-01-05,44,-,优
杭州,2020-01-06,70,PM2.5,良
杭州,2020-01-07,90,PM2.5,良
杭州,2020-01-08,65,PM2.5,良
杭州,2020-01-09,114,PM2.5,轻度污染
杭州,2020-01-10,89,PM2.5,良
湖州,2020-01-04,96,PM2.5,良
湖州,2020-01-05,46,-,优
湖州,2020-01-06,94,-,良
湖州,2020-01-07,53,PM2.5,良
湖州,2020-01-08,77,PM2.5,良
湖州,2020-01-09,94,PM2.5,良
湖州,2020-01-10,75,PM2.5,良
嘉兴,2020-01-04,72,PM2.5,良
嘉兴,2020-01-05,36,-,优
嘉兴,2020-01-06,39,-,优
嘉兴,2020-01-07,48,-,优
嘉兴,2020-01-08,78,PM2.5,良
嘉兴,2020-01-09,89,PM2.5,良
嘉兴,2020-01-10,58,PM2.5,良
宁波,2020-01-04,31,-,优
宁波,2020-01-05,13,-,优
宁波,2020-01-06,24,-,优
宁波,2020-01-07,39,-,优
宁波,2020-01-08,45,-,优
宁波,2020-01-09,65,PM2.5,良
宁波,2020-01-10,46,-,优
绍兴,2020-01-04,42,-,优
绍兴,2020-01-05,39,-,优
绍兴,2020-01-06,40,-,优
绍兴,2020-01-07,53,-,良
绍兴,2020-01-08,75,PM2.5,良
绍兴,2020-01-09,99,PM2.5,良
绍兴,2020-01-10,58,PM2.5,良
台州,2020-01-04,63,-,良
台州,2020-01-05,40,-,优
台州,2020-01-06,43,-,优
台州,2020-01-07,44,-,优
台州,2020-01-08,33,-,优
台州,2020-01-09,49,-,优
台州,2020-01-10,48,-,优
温州,2020-01-04,91,-,良
温州,2020-01-05,34,-,优
温州,2020-01-06,39,-,优
温州,2020-01-07,43,-,优
温州,2020-01-08,37,-,优
温州,2020-01-09,53,PM2.5,良
温州,2020-01-10,45,-,优
丽水,2020-01-04,30,-,优
丽水,2020-01-05,34,-,优
丽水,2020-01-06,39,-,优
丽水,2020-01-07,43,-,优
丽水,2020-01-08,50,-,优
丽水,2020-01-09,58,PM2.5,良
丽水,2020-01-10,46,-,优
金华,2020-01-04,42,-,优
金华,2020-01-05,30,-,优
金华,2020-01-06,39,-,优
金华,2020-01-07,43,-,优
金华,2020-01-08,57,PM2.5,良
金华,2020-01-09,73,PM2.5,良
金华,2020-01-10,44,-,优
衢州,2020-01-04,33,-,优
衢州,2020-01-05,32,-,优
衢州,2020-01-06,40,-,优
衢州,2020-01-07,43,-,优
衢州,2020-01-08,41,-,优
衢州,2020-01-09,60,PM2.5,良
衢州,2020-01-10,45,-,优
舟山,2020-01-04,36,-,优
舟山,2020-01-05,41,-,优
舟山,2020-01-06,44,-,优
舟山,2020-01-07,42,-,优
舟山,2020-01-08,32,-,优
舟山,2020-01-09,47,-,优
舟山,2020-01-10,50,-,优
合肥,2020-01-04,140,PM2.5,轻度污染
合肥,2020-01-05,131,PM2.5,轻度污染
合肥,2020-01-06,87,PM2.5,良
合肥,2020-01-07,90,PM2.5,良
合肥,2020-01-08,95,PM2.5,良
合肥,2020-01-09,139,PM2.5,轻度污染
合肥,2020-01-10,139,PM2.5,轻度污染
蚌埠,2020-01-04,220,PM2.5,重度污染
蚌埠,2020-01-05,114,PM2.5,轻度污染
蚌埠,2020-01-06,96,PM2.5,良
蚌埠,2020-01-07,53,PM2.5,良
蚌埠,2020-01-08,77,PM2.5,良
蚌埠,2020-01-09,158,PM2.5,中度污染
蚌埠,2020-01-10,170,PM2.5,中度污染
芜湖,2020-01-04,137,PM2.5,轻度污染
芜湖,2020-01-05,70,PM2.5,良
芜湖,2020-01-06,52,PM2.5,良
芜湖,2020-01-07,65,PM2.5,良
芜湖,2020-01-08,69,PM2.5,良
芜湖,2020-01-09,110,PM2.5,轻度污染
芜湖,2020-01-10,78,PM2.5,良
淮南,2020-01-04,196,PM2.5,中度污染
淮南,2020-01-05,123,PM2.5,轻度污染
淮南,2020-01-06,102,PM2.5,轻度污染
淮南,2020-01-07,56,PM2.5,良
淮南,2020-01-08,75,PM2.5,良
淮南,2020-01-09,147,PM2.5,轻度污染
淮南,2020-01-10,152,PM2.5,中度污染
马鞍山,2020-01-04,117,PM2.5,轻度污染
马鞍山,2020-01-05,82,PM2.5,良
马鞍山,2020-01-06,97,PM2.5,良
马鞍山,2020-01-07,85,PM2.5,良
马鞍山,2020-01-08,64,PM2.5,良
马鞍山,2020-01-09,134,PM2.5,轻度污染
马鞍山,2020-01-10,119,PM2.5,轻度污染
安庆,2020-01-04,24,-,优
安庆,2020-01-05,49,-,优
安庆,2020-01-06,38,-,优
安庆,2020-01-07,64,PM2.5,良
安庆,2020-01-08,93,PM2.5,良
安庆,2020-01-09,120,PM2.5,轻度污染
安庆,2020-01-10,85,PM2.5,良
宿州,2020-01-04,198,PM2.5,中度污染
宿州,2020-01-05,47,-,优
宿州,2020-01-06,61,PM2.5,良
宿州,2020-01-07,90,PM2.5,良
宿州,2020-01-08,82,PM2.5,良
宿州,2020-01-09,160,PM2.5,中度污染
宿州,2020-01-10,122,PM2.5,轻度污染
阜阳,2020-01-04,149,PM2.5,轻度污染
阜阳,2020-01-05,97,PM2.5,良
阜阳,2020-01-06,96,PM2.5,良
阜阳,2020-01-07,72,PM2.5,良
阜阳,2020-01-08,143,PM2.5,轻度污染
阜阳,2020-01-09,172,PM2.5,中度污染
阜阳,2020-01-10,202,PM2.5,重度污染
亳州,2020-01-04,150,PM2.5,轻度污染
亳州,2020-01-05,43,-,优
亳州,2020-01-06,53,PM2.5,良
亳州,2020-01-07,48,-,优
亳州,2020-01-08,90,PM2.5,良
亳州,2020-01-09,173,PM2.5,中度污染
亳州,2020-01-10,163,PM2.5,中度污染
黄山,2020-01-04,38,-,优
黄山,2020-01-05,78,-,良
黄山,2020-01-06,37,-,优
黄山,2020-01-07,52,-,良
黄山,2020-01-08,44,-,优
黄山,2020-01-09,68,PM2.5,良
黄山,2020-01-10,43,-,优
滁州,2020-01-04,132,PM2.5,轻度污染
滁州,2020-01-05,92,PM2.5,良
滁州,2020-01-06,105,PM2.5,轻度污染
滁州,2020-01-07,48,-,优
滁州,2020-01-08,79,PM2.5,良
滁州,2020-01-09,100,PM2.5,良
滁州,2020-01-10,119,PM2.5,轻度污染
淮北,2020-01-04,225,PM2.5,重度污染
淮北,2020-01-05,47,-,优
淮北,2020-01-06,50,PM2.5,优
淮北,2020-01-07,46,-,优
淮北,2020-01-08,73,PM2.5,良
淮北,2020-01-09,211,PM2.5,重度污染
淮北,2020-01-10,160,PM2.5,中度污染
铜陵,2020-01-04,79,PM2.5,良
铜陵,2020-01-05,94,PM2.5,良
铜陵,2020-01-06,64,PM2.5,良
铜陵,2020-01-07,74,PM2.5,良
铜陵,2020-01-08,114,PM2.5,轻度污染
铜陵,2020-01-09,143,PM2.5,轻度污染
铜陵,2020-01-10,110,PM2.5,轻度污染
宣城,2020-01-04,89,PM2.5,良
宣城,2020-01-05,63,PM2.5,良
宣城,2020-01-06,38,-,优
宣城,2020-01-07,58,PM2.5,良
宣城,2020-01-08,98,PM2.5,良
宣城,2020-01-09,109,PM2.5,轻度污染
宣城,2020-01-10,67,PM2.5,良
六安,2020-01-04,95,PM2.5,良
六安,2020-01-05,174,PM2.5,中度污染
六安,2020-01-06,159,PM2.5,中度污染
六安,2020-01-07,77,PM2.5,良
六安,2020-01-08,112,PM2.5,轻度污染
六安,2020-01-09,150,PM2.5,轻度污染
六安,2020-01-10,156,PM2.5,中度污染
池州,2020-01-04,35,-,优
池州,2020-01-05,65,PM2.5,良
池州,2020-01-06,52,-,良
池州,2020-01-07,59,PM2.5,良
池州,2020-01-08,100,PM2.5,良
池州,2020-01-09,119,PM2.5,轻度污染
池州,2020-01-10,78,PM2.5,良
福州,2020-01-04,47,-,优
福州,2020-01-05,26,-,优
福州,2020-01-06,45,-,优
福州,2020-01-07,70,PM10,良
福州,2020-01-08,34,-,优
福州,2020-01-09,48,-,优
福州,2020-01-10,46,-,优
厦门,2020-01-04,60,-,良
厦门,2020-01-05,35,-,优
厦门,2020-01-06,29,-,优
厦门,2020-01-07,22,-,优
厦门,2020-01-08,36,-,优
厦门,2020-01-09,52,PM2.5,良
厦门,2020-01-10,49,-,优
宁德,2020-01-04,38,-,优
宁德,2020-01-05,33,-,优
宁德,2020-01-06,37,-,优
宁德,2020-01-07,43,-,优
宁德,2020-01-08,45,-,优
宁德,2020-01-09,46,-,优
宁德,2020-01-10,44,-,优
莆田,2020-01-04,37,-,优
莆田,2020-01-05,34,-,优
莆田,2020-01-06,39,-,优
莆田,2020-01-07,50,-,优
莆田,2020-01-08,37,-,优
莆田,2020-01-09,47,-,优
莆田,2020-01-10,45,-,优
泉州,2020-01-04,50,PM2.5,优
泉州,2020-01-05,28,-,优
泉州,2020-01-06,36,-,优
泉州,2020-01-07,43,-,优
泉州,2020-01-08,32,-,优
泉州,2020-01-09,80,PM2.5,良
泉州,2020-01-10,70,PM2.5,良
漳州,2020-01-04,52,PM2.5,良
漳州,2020-01-05,52,-,良
漳州,2020-01-06,40,-,优
漳州,2020-01-07,48,-,优
漳州,2020-01-08,43,-,优
漳州,2020-01-09,58,PM2.5,良
漳州,2020-01-10,52,PM2.5,良
龙岩,2020-01-04,42,-,优
龙岩,2020-01-05,41,-,优
龙岩,2020-01-06,38,-,优
龙岩,2020-01-07,43,-,优
龙岩,2020-01-08,49,-,优
龙岩,2020-01-09,47,-,优
龙岩,2020-01-10,50,-,优
三明,2020-01-04,37,-,优
三明,2020-01-05,37,-,优
三明,2020-01-06,40,-,优
三明,2020-01-07,43,-,优
三明,2020-01-08,45,-,优
三明,2020-01-09,45,-,优
三明,2020-01-10,47,-,优
南平,2020-01-04,35,-,优
南平,2020-01-05,36,-,优
南平,2020-01-06,39,-,优
南平,2020-01-07,43,-,优
南平,2020-01-08,49,-,优
南平,2020-01-09,44,-,优
南平,2020-01-10,45,-,优
钓鱼岛,2020-01-04,95,-,良
钓鱼岛,2020-01-05,44,-,优
钓鱼岛,2020-01-06,50,-,优
钓鱼岛,2020-01-07,50,-,优
钓鱼岛,2020-01-08,34,-,优
钓鱼岛,2020-01-09,60,-,良
钓鱼岛,2020-01-10,60,-,良
南昌,2020-01-04,90,PM2.5,良
南昌,2020-01-05,131,PM2.5,轻度污染
南昌,2020-01-06,43,-,优
南昌,2020-01-07,60,PM2.5,良
南昌,2020-01-08,80,NO2,良
南昌,2020-01-09,82,PM2.5,良
南昌,2020-01-10,89,PM2.5,良
九江,2020-01-04,72,PM2.5,良
九江,2020-01-05,69,PM2.5,良
九江,2020-01-06,46,-,优
九江,2020-01-07,92,PM2.5,良
九江,2020-01-08,93,PM2.5,良
九江,2020-01-09,94,PM2.5,良
九江,2020-01-10,82,PM2.5,良
上饶,2020-01-04,76,-,良
上饶,2020-01-05,48,-,优
上饶,2020-01-06,41,-,优
上饶,2020-01-07,49,-,优
上饶,2020-01-08,68,PM2.5,良
上饶,2020-01-09,59,PM2.5,良
上饶,2020-01-10,47,-,优
抚州,2020-01-04,24,-,优
抚州,2020-01-05,31,-,优
抚州,2020-01-06,38,-,优
抚州,2020-01-07,73,PM2.5,良
抚州,2020-01-08,77,PM2.5,良
抚州,2020-01-09,73,PM2.5,良
抚州,2020-01-10,48,-,优
宜春,2020-01-04,35,-,优
宜春,2020-01-05,48,-,优
宜春,2020-01-06,41,-,优
宜春,2020-01-07,82,PM2.5,良
宜春,2020-01-08,70,PM2.5,良
宜春,2020-01-09,74,PM2.5,良
宜春,2020-01-10,63,PM2.5,良
吉安,2020-01-04,35,-,优
吉安,2020-01-05,40,-,优
吉安,2020-01-06,36,-,优
吉安,2020-01-07,67,PM2.5,良
吉安,2020-01-08,80,PM2.5,良
吉安,2020-01-09,58,PM2.5,良
吉安,2020-01-10,48,-,优
赣州,2020-01-04,37,-,优
赣州,2020-01-05,39,-,优
赣州,2020-01-06,38,-,优
赣州,2020-01-07,42,-,优
赣州,2020-01-08,69,PM2.5,良
赣州,2020-01-09,50,-,优
赣州,2020-01-10,47,-,优
景德镇,2020-01-04,27,-,优
景德镇,2020-01-05,37,-,优
景德镇,2020-01-06,38,-,优
景德镇,2020-01-07,58,PM2.5,良
景德镇,2020-01-08,58,PM2.5,良
景德镇,2020-01-09,52,PM2.5,良
景德镇,2020-01-10,45,-,优
萍乡,2020-01-04,50,-,优
萍乡,2020-01-05,43,-,优
萍乡,2020-01-06,42,-,优
萍乡,2020-01-07,95,PM2.5,良
萍乡,2020-01-08,73,PM2.5,良
萍乡,2020-01-09,55,PM2.5,良
萍乡,2020-01-10,53,PM2.5,良
新余,2020-01-04,43,-,优
新余,2020-01-05,54,PM2.5,良
新余,2020-01-06,37,-,优
新余,2020-01-07,77,PM2.5,良
新余,2020-01-08,84,PM2.5,良
新余,2020-01-09,77,PM2.5,良
新余,2020-01-10,69,PM2.5,良
鹰潭,2020-01-04,40,-,优
鹰潭,2020-01-05,37,-,优
鹰潭,2020-01-06,40,-,优
鹰潭,2020-01-07,49,-,优
鹰潭,2020-01-08,63,PM2.5,良
鹰潭,2020-01-09,57,PM2.5,良
鹰潭,2020-01-10,46,-,优
长沙,2020-01-04,135,PM2.5,轻度污染
长沙,2020-01-05,98,PM2.5,良
长沙,2020-01-06,72,PM2.5,良
长沙,2020-01-07,87,PM2.5,良
长沙,2020-01-08,55,PM2.5,良
长沙,2020-01-09,133,PM2.5,轻度污染
长沙,2020-01-10,169,PM2.5,中度污染
湘潭,2020-01-04,176,PM2.5,中度污染
湘潭,2020-01-05,89,PM2.5,良
湘潭,2020-01-06,70,-,良
湘潭,2020-01-07,138,PM2.5,轻度污染
湘潭,2020-01-08,100,PM2.5,良
湘潭,2020-01-09,108,PM2.5,轻度污染
湘潭,2020-01-10,118,PM2.5,轻度污染
株洲,2020-01-04,107,PM2.5,轻度污染
株洲,2020-01-05,75,PM2.5,良
株洲,2020-01-06,58,-,良
株洲,2020-01-07,89,PM2.5,良
株洲,2020-01-08,84,PM2.5,良
株洲,2020-01-09,88,PM2.5,良
株洲,2020-01-10,97,PM2.5,良
衡阳,2020-01-04,94,PM2.5,良
衡阳,2020-01-05,81,PM2.5,良
衡阳,2020-01-06,50,PM2.5,优
衡阳,2020-01-07,96,PM2.5,良
衡阳,2020-01-08,144,PM2.5,轻度污染
衡阳,2020-01-09,118,PM2.5,轻度污染
衡阳,2020-01-10,150,PM2.5,轻度污染
郴州,2020-01-04,74,PM2.5,良
郴州,2020-01-05,58,-,良
郴州,2020-01-06,45,-,优
郴州,2020-01-07,64,PM2.5,良
郴州,2020-01-08,66,PM2.5,良
郴州,2020-01-09,90,PM2.5,良
郴州,2020-01-10,50,-,优
常德,2020-01-04,87,PM2.5,良
常德,2020-01-05,160,PM2.5,中度污染
常德,2020-01-06,122,PM2.5,轻度污染
常德,2020-01-07,135,PM2.5,轻度污染
常德,2020-01-08,113,PM2.5,轻度污染
常德,2020-01-09,132,PM2.5,轻度污染
常德,2020-01-10,165,PM2.5,中度污染
益阳,2020-01-04,112,PM2.5,轻度污染
益阳,2020-01-05,199,PM2.5,中度污染
益阳,2020-01-06,137,PM2.5,轻度污染
益阳,2020-01-07,94,PM2.5,良
益阳,2020-01-08,125,PM2.5,轻度污染
益阳,2020-01-09,143,PM2.5,轻度污染
益阳,2020-01-10,183,PM2.5,中度污染
娄底,2020-01-04,72,PM2.5,良
娄底,2020-01-05,128,PM2.5,轻度污染
娄底,2020-01-06,74,PM2.5,良
娄底,2020-01-07,92,PM2.5,良
娄底,2020-01-08,113,PM2.5,轻度污染
娄底,2020-01-09,130,PM2.5,轻度污染
娄底,2020-01-10,139,PM2.5,轻度污染
邵阳,2020-01-04,77,PM2.5,良
邵阳,2020-01-05,91,PM2.5,良
邵阳,2020-01-06,65,-,良
邵阳,2020-01-07,94,PM2.5,良
邵阳,2020-01-08,107,PM2.5,轻度污染
邵阳,2020-01-09,117,PM2.5,轻度污染
邵阳,2020-01-10,133,PM2.5,轻度污染
岳阳,2020-01-04,85,PM2.5,良
岳阳,2020-01-05,84,PM2.5,良
岳阳,2020-01-06,55,PM2.5,良
岳阳,2020-01-07,89,PM2.5,良
岳阳,2020-01-08,76,PM2.5,良
岳阳,2020-01-09,93,PM2.5,良
岳阳,2020-01-10,108,PM2.5,轻度污染
张家界,2020-01-04,39,-,优
张家界,2020-01-05,79,PM2.5,良
张家界,2020-01-06,60,PM2.5,良
张家界,2020-01-07,93,PM2.5,良
张家界,2020-01-08,68,PM2.5,良
张家界,2020-01-09,88,PM2.5,良
张家界,2020-01-10,102,PM2.5,轻度污染
怀化,2020-01-04,46,-,优
怀化,2020-01-05,63,PM2.5,良
怀化,2020-01-06,41,-,优
怀化,2020-01-07,80,PM2.5,良
怀化,2020-01-08,75,PM2.5,良
怀化,2020-01-09,85,PM2.5,良
怀化,2020-01-10,90,PM2.5,良
永州,2020-01-04,73,PM2.5,良
永州,2020-01-05,80,PM2.5,良
永州,2020-01-06,43,-,优
永州,2020-01-07,82,PM2.5,良
永州,2020-01-08,81,PM2.5,良
永州,2020-01-09,112,PM2.5,轻度污染
永州,2020-01-10,104,PM2.5,轻度污染
湘西,2020-01-04,39,-,优
湘西,2020-01-05,82,PM2.5,良
湘西,2020-01-06,50,-,优
湘西,2020-01-07,85,PM2.5,良
湘西,2020-01-08,73,PM2.5,良
湘西,2020-01-09,95,PM2.5,良
湘西,2020-01-10,113,PM2.5,轻度污染
贵阳,2020-01-04,50,PM10,优
贵阳,2020-01-05,45,PM10,优
贵阳,2020-01-06,45,PM10,优
贵阳,2020-01-07,50,PM10,优
贵阳,2020-01-08,45,PM10,优
贵阳,2020-01-09,75,PM2.5,良
贵阳,2020-01-10,93,PM2.5,良
遵义,2020-01-04,14,-,优
遵义,2020-01-05,19,-,优
遵义,2020-01-06,49,-,优
遵义,2020-01-07,74,PM2.5,良
遵义,2020-01-08,99,PM2.5,良
遵义,2020-01-09,90,PM2.5,良
遵义,2020-01-10,135,PM2.5,轻度污染
安顺,2020-01-04,21,-,优
安顺,2020-01-05,41,-,优
安顺,2020-01-06,45,-,优
安顺,2020-01-07,68,PM2.5,良
安顺,2020-01-08,46,-,优
安顺,2020-01-09,72,PM2.5,良
安顺,2020-01-10,94,PM2.5,良
黔南,2020-01-04,23,-,优
黔南,2020-01-05,43,-,优
黔南,2020-01-06,41,-,优
黔南,2020-01-07,60,PM2.5,良
黔南,2020-01-08,98,PM2.5,良
黔南,2020-01-09,84,PM2.5,良
黔南,2020-01-10,75,PM2.5,良
黔东南,2020-01-04,40,-,优
黔东南,2020-01-05,49,-,优
黔东南,2020-01-06,43,-,优
黔东南,2020-01-07,53,PM2.5,良
黔东南,2020-01-08,74,PM2.5,良
黔东南,2020-01-09,59,PM2.5,良
黔东南,2020-01-10,63,PM2.5,良
铜仁,2020-01-04,70,-,良
铜仁,2020-01-05,74,PM2.5,良
铜仁,2020-01-06,37,-,优
铜仁,2020-01-07,83,PM2.5,良
铜仁,2020-01-08,79,PM2.5,良
铜仁,2020-01-09,93,PM2.5,良
铜仁,2020-01-10,113,PM2.5,轻度污染
毕节,2020-01-04,17,-,优
毕节,2020-01-05,25,-,优
毕节,2020-01-06,75,PM2.5,良
毕节,2020-01-07,69,PM2.5,良
毕节,2020-01-08,76,PM2.5,良
毕节,2020-01-09,75,PM2.5,良
毕节,2020-01-10,87,PM2.5,良
六盘水,2020-01-04,26,-,优
六盘水,2020-01-05,21,-,优
六盘水,2020-01-06,48,-,优
六盘水,2020-01-07,55,-,良
六盘水,2020-01-08,67,PM2.5,良
六盘水,2020-01-09,59,PM2.5,良
六盘水,2020-01-10,60,PM2.5,良
黔西南,2020-01-04,34,-,优
黔西南,2020-01-05,39,-,优
黔西南,2020-01-06,43,-,优
黔西南,2020-01-07,53,-,良
黔西南,2020-01-08,50,-,优
黔西南,2020-01-09,50,-,优
黔西南,2020-01-10,48,-,优
成都,2020-01-04,103,PM2.5,轻度污染
成都,2020-01-05,121,PM2.5,轻度污染
成都,2020-01-06,110,PM2.5,轻度污染
成都,2020-01-07,127,PM2.5,轻度污染
成都,2020-01-08,177,PM2.5,中度污染
成都,2020-01-09,204,PM2.5,重度污染
成都,2020-01-10,188,PM2.5,中度污染
攀枝花,2020-01-04,96,-,良
攀枝花,2020-01-05,38,-,优
攀枝花,2020-01-06,43,-,优
攀枝花,2020-01-07,23,-,优
攀枝花,2020-01-08,47,-,优
攀枝花,2020-01-09,44,-,优
攀枝花,2020-01-10,44,-,优
自贡,2020-01-04,176,PM2.5,中度污染
自贡,2020-01-05,147,PM2.5,轻度污染
自贡,2020-01-06,163,PM2.5,中度污染
自贡,2020-01-07,202,PM2.5,重度污染
自贡,2020-01-08,183,PM2.5,中度污染
自贡,2020-01-09,288,PM2.5,重度污染
自贡,2020-01-10,219,PM2.5,重度污染
绵阳,2020-01-04,91,PM2.5,良
绵阳,2020-01-05,94,PM2.5,良
绵阳,2020-01-06,55,PM2.5,良
绵阳,2020-01-07,115,PM2.5,轻度污染
绵阳,2020-01-08,148,PM2.5,轻度污染
绵阳,2020-01-09,133,PM2.5,轻度污染
绵阳,2020-01-10,117,PM2.5,轻度污染
南充,2020-01-04,104,PM2.5,轻度污染
南充,2020-01-05,75,PM2.5,良
南充,2020-01-06,97,PM2.5,良
南充,2020-01-07,88,PM2.5,良
南充,2020-01-08,139,PM2.5,轻度污染
南充,2020-01-09,113,PM2.5,轻度污染
南充,2020-01-10,133,PM2.5,轻度污染
达州,2020-01-04,46,-,优
达州,2020-01-05,38,-,优
达州,2020-01-06,59,PM2.5,良
达州,2020-01-07,77,PM2.5,良
达州,2020-01-08,79,PM2.5,良
达州,2020-01-09,82,PM2.5,良
达州,2020-01-10,97,PM2.5,良
遂宁,2020-01-04,95,PM2.5,良
遂宁,2020-01-05,138,PM2.5,轻度污染
遂宁,2020-01-06,117,PM2.5,轻度污染
遂宁,2020-01-07,109,PM2.5,轻度污染
遂宁,2020-01-08,170,PM2.5,中度污染
遂宁,2020-01-09,142,PM2.5,轻度污染
遂宁,2020-01-10,153,PM2.5,中度污染
广安,2020-01-04,77,PM2.5,良
广安,2020-01-05,44,-,优
广安,2020-01-06,88,PM2.5,良
广安,2020-01-07,84,PM2.5,良
广安,2020-01-08,84,PM2.5,良
广安,2020-01-09,88,PM2.5,良
广安,2020-01-10,129,PM2.5,轻度污染
巴中,2020-01-04,62,PM2.5,良
巴中,2020-01-05,90,PM2.5,良
巴中,2020-01-06,74,PM2.5,良
巴中,2020-01-07,68,PM2.5,良
巴中,2020-01-08,98,PM2.5,良
巴中,2020-01-09,88,PM2.5,良
巴中,2020-01-10,94,PM2.5,良
泸州,2020-01-04,173,PM2.5,中度污染
泸州,2020-01-05,132,PM2.5,轻度污染
泸州,2020-01-06,150,PM2.5,轻度污染
泸州,2020-01-07,102,PM2.5,轻度污染
泸州,2020-01-08,96,PM2.5,良
泸州,2020-01-09,236,PM2.5,重度污染
泸州,2020-01-10,212,PM2.5,重度污染
宜宾,2020-01-04,75,PM2.5,良
宜宾,2020-01-05,173,PM2.5,中度污染
宜宾,2020-01-06,117,PM2.5,轻度污染
宜宾,2020-01-07,62,PM2.5,良
宜宾,2020-01-08,163,PM2.5,中度污染
宜宾,2020-01-09,205,PM2.5,重度污染
宜宾,2020-01-10,175,PM2.5,中度污染
内江,2020-01-04,97,PM2.5,良
内江,2020-01-05,131,PM2.5,轻度污染
内江,2020-01-06,130,PM2.5,轻度污染
内江,2020-01-07,125,PM2.5,轻度污染
内江,2020-01-08,163,PM2.5,中度污染
内江,2020-01-09,257,PM2.5,重度污染
内江,2020-01-10,213,PM2.5,重度污染
资阳,2020-01-04,97,PM2.5,良
资阳,2020-01-05,137,PM2.5,轻度污染
资阳,2020-01-06,117,PM2.5,轻度污染
资阳,2020-01-07,114,PM2.5,轻度污染
资阳,2020-01-08,150,PM2.5,轻度污染
资阳,2020-01-09,206,PM2.5,重度污染
资阳,2020-01-10,192,PM2.5,中度污染
乐山,2020-01-04,64,PM2.5,良
乐山,2020-01-05,118,PM2.5,轻度污染
乐山,2020-01-06,92,PM2.5,良
乐山,2020-01-07,55,PM2.5,良
乐山,2020-01-08,124,PM2.5,轻度污染
乐山,2020-01-09,156,PM2.5,中度污染
乐山,2020-01-10,129,PM2.5,轻度污染
眉山,2020-01-04,143,PM2.5,轻度污染
眉山,2020-01-05,146,PM2.5,轻度污染
眉山,2020-01-06,114,PM2.5,轻度污染
眉山,2020-01-07,151,PM2.5,中度污染
眉山,2020-01-08,155,PM2.5,中度污染
眉山,2020-01-09,180,PM2.5,中度污染
眉山,2020-01-10,139,PM2.5,轻度污染
凉山,2020-01-04,47,-,优
凉山,2020-01-05,45,-,优
凉山,2020-01-06,46,-,优
凉山,2020-01-07,18,-,优
凉山,2020-01-08,17,-,优
凉山,2020-01-09,50,-,优
凉山,2020-01-10,55,-,良
雅安,2020-01-04,50,-,优
雅安,2020-01-05,84,PM2.5,良
雅安,2020-01-06,83,PM2.5,良
雅安,2020-01-07,60,-,良
雅安,2020-01-08,89,PM2.5,良
雅安,2020-01-09,135,PM2.5,轻度污染
雅安,2020-01-10,85,PM2.5,良
甘孜,2020-01-04,19,-,优
甘孜,2020-01-05,13,-,优
甘孜,2020-01-06,11,-,优
甘孜,2020-01-07,13,-,优
甘孜,2020-01-08,12,-,优
甘孜,2020-01-09,62,-,良
甘孜,2020-01-10,79,-,良
阿坝,2020-01-04,16,-,优
阿坝,2020-01-05,13,-,优
阿坝,2020-01-06,8,-,优
阿坝,2020-01-07,12,-,优
阿坝,2020-01-08,10,-,优
阿坝,2020-01-09,59,-,良
阿坝,2020-01-10,78,-,良
德阳,2020-01-04,48,-,优
德阳,2020-01-05,73,PM2.5,良
德阳,2020-01-06,83,PM2.5,良
德阳,2020-01-07,123,PM2.5,轻度污染
德阳,2020-01-08,147,PM2.5,轻度污染
德阳,2020-01-09,148,PM2.5,轻度污染
德阳,2020-01-10,130,PM2.5,轻度污染
广元,2020-01-04,49,-,优
广元,2020-01-05,80,PM2.5,良
广元,2020-01-06,46,-,优
广元,2020-01-07,49,-,优
广元,2020-01-08,87,PM2.5,良
广元,2020-01-09,85,PM2.5,良
广元,2020-01-10,72,PM2.5,良
广州,2020-01-04,95,NO2,良
广州,2020-01-05,29,-,优
广州,2020-01-06,33,-,优
广州,2020-01-07,90,NO2,良
广州,2020-01-08,41,-,优
广州,2020-01-09,88,PM2.5,良
广州,2020-01-10,98,PM2.5,良
韶关,2020-01-04,59,-,良
韶关,2020-01-05,40,-,优
韶关,2020-01-06,39,-,优
韶关,2020-01-07,40,-,优
韶关,2020-01-08,46,-,优
韶关,2020-01-09,46,-,优
韶关,2020-01-10,51,-,良
惠州,2020-01-04,85,-,良
惠州,2020-01-05,36,-,优
惠州,2020-01-06,33,-,优
惠州,2020-01-07,47,-,优
惠州,2020-01-08,41,-,优
惠州,2020-01-09,41,-,优
惠州,2020-01-10,46,-,优
梅州,2020-01-04,35,-,优
梅州,2020-01-05,37,-,优
梅州,2020-01-06,58,-,良
梅州,2020-01-07,40,-,优
梅州,2020-01-08,43,-,优
梅州,2020-01-09,41,-,优
梅州,2020-01-10,46,-,优
汕头,2020-01-04,64,-,良
汕头,2020-01-05,41,-,优
汕头,2020-01-06,40,-,优
汕头,2020-01-07,40,-,优
汕头,2020-01-08,37,-,优
汕头,2020-01-09,59,-,良
汕头,2020-01-10,54,-,良
深圳,2020-01-04,73,PM10,良
深圳,2020-01-05,25,-,优
深圳,2020-01-06,17,-,优
深圳,2020-01-07,27,-,优
深圳,2020-01-08,36,-,优
深圳,2020-01-09,48,-,优
深圳,2020-01-10,51,-,良
珠海,2020-01-04,65,-,良
珠海,2020-01-05,43,-,优
珠海,2020-01-06,39,-,优
珠海,2020-01-07,44,-,优
珠海,2020-01-08,45,-,优
珠海,2020-01-09,53,-,良
珠海,2020-01-10,61,-,良
佛山,2020-01-04,80,PM2.5,良
佛山,2020-01-05,29,-,优
佛山,2020-01-06,34,-,优
佛山,2020-01-07,62,-,良
佛山,2020-01-08,48,-,优
佛山,2020-01-09,88,PM2.5,良
佛山,2020-01-10,84,PM2.5,良
肇庆,2020-01-04,48,-,优
肇庆,2020-01-05,48,-,优
肇庆,2020-01-06,40,-,优
肇庆,2020-01-07,38,-,优
肇庆,2020-01-08,69,PM2.5,良
肇庆,2020-01-09,60,PM2.5,良
肇庆,2020-01-10,77,PM2.5,良
湛江,2020-01-04,39,-,优
湛江,2020-01-05,37,-,优
湛江,2020-01-06,33,-,优
湛江,2020-01-07,40,-,优
湛江,2020-01-08,36,-,优
湛江,2020-01-09,55,PM2.5,良
湛江,2020-01-10,49,-,优
江门,2020-01-04,39,-,优
江门,2020-01-05,38,-,优
江门,2020-01-06,35,-,优
江门,2020-01-07,39,-,优
江门,2020-01-08,42,-,优
江门,2020-01-09,60,PM2.5,良
江门,2020-01-10,54,-,良
河源,2020-01-04,89,-,良
河源,2020-01-05,35,-,优
河源,2020-01-06,32,-,优
河源,2020-01-07,38,-,优
河源,2020-01-08,43,-,优
河源,2020-01-09,39,-,优
河源,2020-01-10,46,-,优
清远,2020-01-04,37,-,优
清远,2020-01-05,42,-,优
清远,2020-01-06,43,-,优
清远,2020-01-07,48,-,优
清远,2020-01-08,60,PM2.5,良
清远,2020-01-09,44,-,优
清远,2020-01-10,60,-,良
云浮,2020-01-04,46,-,优
云浮,2020-01-05,39,-,优
云浮,2020-01-06,33,-,优
云浮,2020-01-07,38,-,优
云浮,2020-01-08,60,PM2.5,良
云浮,2020-01-09,49,-,优
云浮,2020-01-10,63,PM2.5,良
潮州,2020-01-04,64,-,良
潮州,2020-01-05,38,-,优
潮州,2020-01-06,35,-,优
潮州,2020-01-07,42,-,优
潮州,2020-01-08,42,-,优
潮州,2020-01-09,47,-,优
潮州,2020-01-10,48,-,优
东莞,2020-01-04,126,PM2.5,轻度污染
东莞,2020-01-05,49,-,优
东莞,2020-01-06,35,-,优
东莞,2020-01-07,34,-,优
东莞,2020-01-08,41,-,优
东莞,2020-01-09,63,PM2.5,良
东莞,2020-01-10,73,PM2.5,良
中山,2020-01-04,47,-,优
中山,2020-01-05,41,-,优
中山,2020-01-06,37,-,优
中山,2020-01-07,47,-,优
中山,2020-01-08,45,-,优
中山,2020-01-09,54,-,良
中山,2020-01-10,60,-,良
阳江,2020-01-04,43,-,优
阳江,2020-01-05,38,-,优
阳江,2020-01-06,35,-,优
阳江,2020-01-07,39,-,优
阳江,2020-01-08,58,PM2.5,良
阳江,2020-01-09,47,-,优
阳江,2020-01-10,55,-,良
揭阳,2020-01-04,57,-,良
揭阳,2020-01-05,40,-,优
揭阳,2020-01-06,40,-,优
揭阳,2020-01-07,46,-,优
揭阳,2020-01-08,44,-,优
揭阳,2020-01-09,62,PM2.5,良
揭阳,2020-01-10,52,PM2.5,良
茂名,2020-01-04,45,-,优
茂名,2020-01-05,37,-,优
茂名,2020-01-06,34,-,优
茂名,2020-01-07,41,-,优
茂名,2020-01-08,65,PM2.5,良
茂名,2020-01-09,54,PM2.5,良
茂名,2020-01-10,51,-,良
汕尾,2020-01-04,53,-,良
汕尾,2020-01-05,37,-,优
汕尾,2020-01-06,34,-,优
汕尾,2020-01-07,36,-,优
汕尾,2020-01-08,49,-,优
汕尾,2020-01-09,46,-,优
汕尾,2020-01-10,47,-,优
昆明,2020-01-04,50,-,优
昆明,2020-01-05,50,-,优
昆明,2020-01-06,50,-,优
昆明,2020-01-07,23,-,优
昆明,2020-01-08,18,-,优
昆明,2020-01-09,55,-,良
昆明,2020-01-10,48,-,优
大理,2020-01-04,44,-,优
大理,2020-01-05,44,-,优
大理,2020-01-06,48,-,优
大理,2020-01-07,29,-,优
大理,2020-01-08,50,-,优
大理,2020-01-09,46,-,优
大理,2020-01-10,45,-,优
红河,2020-01-04,39,-,优
红河,2020-01-05,39,-,优
红河,2020-01-06,39,-,优
红河,2020-01-07,19,-,优
红河,2020-01-08,14,-,优
红河,2020-01-09,59,-,良
红河,2020-01-10,65,-,良
曲靖,2020-01-04,43,-,优
曲靖,2020-01-05,42,-,优
曲靖,2020-01-06,48,-,优
曲靖,2020-01-07,14,-,优
曲靖,2020-01-08,48,-,优
曲靖,2020-01-09,50,-,优
曲靖,2020-01-10,46,-,优
保山,2020-01-04,41,-,优
保山,2020-01-05,42,-,优
保山,2020-01-06,46,-,优
保山,2020-01-07,14,-,优
保山,2020-01-08,50,-,优
保山,2020-01-09,46,-,优
保山,2020-01-10,44,-,优
文山,2020-01-04,40,-,优
文山,2020-01-05,41,-,优
文山,2020-01-06,43,-,优
文山,2020-01-07,16,-,优
文山,2020-01-08,37,-,优
文山,2020-01-09,57,-,良
文山,2020-01-10,62,-,良
玉溪,2020-01-04,43,-,优
玉溪,2020-01-05,42,-,优
玉溪,2020-01-06,48,-,优
玉溪,2020-01-07,22,-,优
玉溪,2020-01-08,50,-,优
玉溪,2020-01-09,52,-,良
玉溪,2020-01-10,49,-,优
楚雄,2020-01-04,40,-,优
楚雄,2020-01-05,39,-,优
楚雄,2020-01-06,45,-,优
楚雄,2020-01-07,21,-,优
楚雄,2020-01-08,47,-,优
楚雄,2020-01-09,47,-,优
楚雄,2020-01-10,43,-,优
普洱,2020-01-04,37,-,优
普洱,2020-01-05,35,-,优
普洱,2020-01-06,40,-,优
普洱,2020-01-07,48,-,优
普洱,2020-01-08,47,-,优
普洱,2020-01-09,47,-,优
普洱,2020-01-10,47,-,优
昭通,2020-01-04,42,-,优
昭通,2020-01-05,44,-,优
昭通,2020-01-06,46,-,优
昭通,2020-01-07,51,-,良
昭通,2020-01-08,49,-,优
昭通,2020-01-09,51,-,良
昭通,2020-01-10,49,-,优
临沧,2020-01-04,40,-,优
临沧,2020-01-05,40,-,优
临沧,2020-01-06,44,-,优
临沧,2020-01-07,12,-,优
临沧,2020-01-08,50,-,优
临沧,2020-01-09,52,-,良
临沧,2020-01-10,48,-,优
怒江,2020-01-04,46,-,优
怒江,2020-01-05,43,-,优
怒江,2020-01-06,49,-,优
怒江,2020-01-07,13,-,优
怒江,2020-01-08,48,-,优
怒江,2020-01-09,44,-,优
怒江,2020-01-10,47,-,优
迪庆,2020-01-04,20,-,优
迪庆,2020-01-05,14,-,优
迪庆,2020-01-06,13,-,优
迪庆,2020-01-07,11,-,优
迪庆,2020-01-08,13,-,优
迪庆,2020-01-09,60,-,良
迪庆,2020-01-10,69,-,良
丽江,2020-01-04,47,-,优
丽江,2020-01-05,44,-,优
丽江,2020-01-06,49,-,优
丽江,2020-01-07,17,-,优
丽江,2020-01-08,15,-,优
丽江,2020-01-09,49,-,优
丽江,2020-01-10,48,-,优
德宏,2020-01-04,37,-,优
德宏,2020-01-05,38,-,优
德宏,2020-01-06,42,-,优
德宏,2020-01-07,47,-,优
德宏,2020-01-08,44,-,优
德宏,2020-01-09,43,-,优
德宏,2020-01-10,46,-,优
西双版纳,2020-01-04,38,-,优
西双版纳,2020-01-05,39,-,优
西双版纳,2020-01-06,40,-,优
西双版纳,2020-01-07,43,-,优
西双版纳,2020-01-08,46,-,优
西双版纳,2020-01-09,45,-,优
西双版纳,2020-01-10,43,-,优
南宁,2020-01-04,31,-,优
南宁,2020-01-05,37,-,优
南宁,2020-01-06,50,-,优
南宁,2020-01-07,65,-,良
南宁,2020-01-08,62,-,良
南宁,2020-01-09,68,PM2.5,良
南宁,2020-01-10,62,PM2.5,良
崇左,2020-01-04,38,-,优
崇左,2020-01-05,40,-,优
崇左,2020-01-06,35,-,优
崇左,2020-01-07,43,-,优
崇左,2020-01-08,64,PM2.5,良
崇左,2020-01-09,65,PM2.5,良
崇左,2020-01-10,65,-,良
柳州,2020-01-04,36,-,优
柳州,2020-01-05,56,-,良
柳州,2020-01-06,32,-,优
柳州,2020-01-07,62,-,良
柳州,2020-01-08,46,-,优
柳州,2020-01-09,67,PM2.5,良
柳州,2020-01-10,57,PM2.5,良
来宾,2020-01-04,36,-,优
来宾,2020-01-05,43,-,优
来宾,2020-01-06,32,-,优
来宾,2020-01-07,41,-,优
来宾,2020-01-08,70,PM2.5,良
来宾,2020-01-09,60,PM2.5,良
来宾,2020-01-10,55,-,良
桂林,2020-01-04,41,-,优
桂林,2020-01-05,58,-,良
桂林,2020-01-06,37,-,优
桂林,2020-01-07,52,-,良
桂林,2020-01-08,42,-,优
桂林,2020-01-09,72,PM2.5,良
桂林,2020-01-10,62,PM2.5,良
梧州,2020-01-04,89,-,良
梧州,2020-01-05,42,-,优
梧州,2020-01-06,33,-,优
梧州,2020-01-07,40,-,优
梧州,2020-01-08,39,-,优
梧州,2020-01-09,53,PM2.5,良
梧州,2020-01-10,60,PM2.5,良
贺州,2020-01-04,91,-,良
贺州,2020-01-05,97,-,良
贺州,2020-01-06,57,-,良
贺州,2020-01-07,42,-,优
贺州,2020-01-08,43,-,优
贺州,2020-01-09,46,-,优
贺州,2020-01-10,51,-,良
贵港,2020-01-04,39,-,优
贵港,2020-01-05,43,-,优
贵港,2020-01-06,33,-,优
贵港,2020-01-07,40,-,优
贵港,2020-01-08,78,PM2.5,良
贵港,2020-01-09,65,PM2.5,良
贵港,2020-01-10,64,PM2.5,良
玉林,2020-01-04,56,-,良
玉林,2020-01-05,44,-,优
玉林,2020-01-06,35,-,优
玉林,2020-01-07,46,-,优
玉林,2020-01-08,45,-,优
玉林,2020-01-09,62,PM2.5,良
玉林,2020-01-10,52,-,良
百色,2020-01-04,33,-,优
百色,2020-01-05,38,-,优
百色,2020-01-06,39,-,优
百色,2020-01-07,49,-,优
百色,2020-01-08,64,PM2.5,良
百色,2020-01-09,64,PM2.5,良
百色,2020-01-10,55,-,良
钦州,2020-01-04,40,-,优
钦州,2020-01-05,40,-,优
钦州,2020-01-06,32,-,优
钦州,2020-01-07,44,-,优
钦州,2020-01-08,70,PM2.5,良
钦州,2020-01-09,67,PM2.5,良
钦州,2020-01-10,60,PM2.5,良
河池,2020-01-04,36,-,优
河池,2020-01-05,42,-,优
河池,2020-01-06,34,-,优
河池,2020-01-07,45,-,优
河池,2020-01-08,70,PM2.5,良
河池,2020-01-09,65,PM2.5,良
河池,2020-01-10,64,-,良
北海,2020-01-04,43,-,优
北海,2020-01-05,41,-,优
北海,2020-01-06,36,-,优
北海,2020-01-07,45,-,优
北海,2020-01-08,69,PM2.5,良
北海,2020-01-09,64,PM2.5,良
北海,2020-01-10,60,-,良
防城港,2020-01-04,41,-,优
防城港,2020-01-05,42,-,优
防城港,2020-01-06,34,-,优
防城港,2020-01-07,44,-,优
防城港,2020-01-08,60,PM2.5,良
防城港,2020-01-09,58,PM2.5,良
防城港,2020-01-10,57,-,良
海口,2020-01-04,47,-,优
海口,2020-01-05,48,-,优
海口,2020-01-06,47,-,优
海口,2020-01-07,15,-,优
海口,2020-01-08,46,-,优
海口,2020-01-09,70,-,良
海口,2020-01-10,57,-,良
三亚,2020-01-04,35,-,优
三亚,2020-01-05,33,-,优
三亚,2020-01-06,34,-,优
三亚,2020-01-07,40,-,优
三亚,2020-01-08,10,-,优
三亚,2020-01-09,66,-,良
三亚,2020-01-10,51,-,良
东方,2020-01-04,38,-,优
东方,2020-01-05,39,-,优
东方,2020-01-06,39,-,优
东方,2020-01-07,43,-,优
东方,2020-01-08,11,-,优
东方,2020-01-09,64,-,良
东方,2020-01-10,48,-,优
临高,2020-01-04,37,-,优
临高,2020-01-05,36,-,优
临高,2020-01-06,35,-,优
临高,2020-01-07,42,-,优
临高,2020-01-08,31,-,优
临高,2020-01-09,66,-,良
临高,2020-01-10,55,-,良
澄迈,2020-01-04,36,-,优
澄迈,2020-01-05,35,-,优
澄迈,2020-01-06,34,-,优
澄迈,2020-01-07,41,-,优
澄迈,2020-01-08,21,-,优
澄迈,2020-01-09,73,-,良
澄迈,2020-01-10,51,-,良
儋州,2020-01-04,35,-,优
儋州,2020-01-05,32,-,优
儋州,2020-01-06,32,-,优
儋州,2020-01-07,43,-,优
儋州,2020-01-08,20,-,优
儋州,2020-01-09,70,-,良
儋州,2020-01-10,46,-,优
昌江,2020-01-04,34,-,优
昌江,2020-01-05,34,-,优
昌江,2020-01-06,37,-,优
昌江,2020-01-07,44,-,优
昌江,2020-01-08,12,-,优
昌江,2020-01-09,65,-,良
昌江,2020-01-10,47,-,优
白沙,2020-01-04,35,-,优
白沙,2020-01-05,33,-,优
白沙,2020-01-06,33,-,优
白沙,2020-01-07,43,-,优
白沙,2020-01-08,14,-,优
白沙,2020-01-09,70,-,良
白沙,2020-01-10,47,-,优
琼中,2020-01-04,34,-,优
琼中,2020-01-05,32,-,优
琼中,2020-01-06,33,-,优
琼中,2020-01-07,41,-,优
琼中,2020-01-08,11,-,优
琼中,2020-01-09,65,-,良
琼中,2020-01-10,45,-,优
定安,2020-01-04,35,-,优
定安,2020-01-05,34,-,优
定安,2020-01-06,33,-,优
定安,2020-01-07,39,-,优
定安,2020-01-08,21,-,优
定安,2020-01-09,71,-,良
定安,2020-01-10,50,-,优
屯昌,2020-01-04,34,-,优
屯昌,2020-01-05,31,-,优
屯昌,2020-01-06,32,-,优
屯昌,2020-01-07,40,-,优
屯昌,2020-01-08,13,-,优
屯昌,2020-01-09,70,-,良
屯昌,2020-01-10,46,-,优
琼海,2020-01-04,35,-,优
琼海,2020-01-05,33,-,优
琼海,2020-01-06,33,-,优
琼海,2020-01-07,39,-,优
琼海,2020-01-08,14,-,优
琼海,2020-01-09,65,-,良
琼海,2020-01-10,50,-,优
文昌,2020-01-04,35,-,优
文昌,2020-01-05,33,-,优
文昌,2020-01-06,34,-,优
文昌,2020-01-07,38,-,优
文昌,2020-01-08,15,-,优
文昌,2020-01-09,66,-,良
文昌,2020-01-10,50,-,优
保亭,2020-01-04,35,-,优
保亭,2020-01-05,31,-,优
保亭,2020-01-06,33,-,优
保亭,2020-01-07,40,-,优
保亭,2020-01-08,15,-,优
保亭,2020-01-09,61,-,良
保亭,2020-01-10,47,-,优
万宁,2020-01-04,35,-,优
万宁,2020-01-05,34,-,优
万宁,2020-01-06,35,-,优
万宁,2020-01-07,38,-,优
万宁,2020-01-08,13,-,优
万宁,2020-01-09,65,-,良
万宁,2020-01-10,54,-,良
陵水,2020-01-04,35,-,优
陵水,2020-01-05,33,-,优
陵水,2020-01-06,35,-,优
陵水,2020-01-07,40,-,优
陵水,2020-01-08,12,-,优
陵水,2020-01-09,67,-,良
陵水,2020-01-10,51,-,良
乐东,2020-01-04,36,-,优
乐东,2020-01-05,33,-,优
乐东,2020-01-06,34,-,优
乐东,2020-01-07,40,-,优
乐东,2020-01-08,13,-,优
乐东,2020-01-09,60,-,良
乐东,2020-01-10,48,-,优
五指山,2020-01-04,36,-,优
五指山,2020-01-05,32,-,优
五指山,2020-01-06,33,-,优
五指山,2020-01-07,40,-,优
五指山,2020-01-08,10,-,优
五指山,2020-01-09,60,-,良
五指山,2020-01-10,48,-,优
三沙,2020-01-04,35,-,优
三沙,2020-01-05,33,-,优
三沙,2020-01-06,34,-,优
三沙,2020-01-07,40,-,优
三沙,2020-01-08,12,-,优
三沙,2020-01-09,66,-,良
三沙,2020-01-10,51,-,良
香港,2020-01-04,62,-,良
香港,2020-01-05,44,-,优
香港,2020-01-06,40,-,优
香港,2020-01-07,42,-,优
香港,2020-01-08,31,-,优
香港,2020-01-09,55,-,良
香港,2020-01-10,60,-,良
澳门,2020-01-04,70,-,良
澳门,2020-01-05,43,-,优
澳门,2020-01-06,39,-,优
澳门,2020-01-07,44,-,优
澳门,2020-01-08,43,-,优
澳门,2020-01-09,53,-,良
澳门,2020-01-10,61,-,良
台北,2020-01-04,35,-,优
台北,2020-01-05,35,-,优
台北,2020-01-06,42,-,优
台北,2020-01-07,40,-,优
台北,2020-01-08,50,-,优
台北,2020-01-09,49,-,优
台北,2020-01-10,48,-,优
高雄,2020-01-04,41,-,优
高雄,2020-01-05,39,-,优
高雄,2020-01-06,41,-,优
高雄,2020-01-07,40,-,优
高雄,2020-01-08,48,-,优
高雄,2020-01-09,57,-,良
高雄,2020-01-10,50,-,优
台中,2020-01-04,34,-,优
台中,2020-01-05,36,-,优
台中,2020-01-06,38,-,优
台中,2020-01-07,40,-,优
台中,2020-01-08,45,-,优
台中,2020-01-09,46,-,优
台中,2020-01-10,45,-,优
